Indicator;Scenario;Year;Median;Std
CPI;Baseline;2010;1,00004362245409;0,0
CPI;Baseline;2011;1,00525222977486;1,74277535452E-05
CPI;Baseline;2012;1,01025166924967;0,0022145568731406
CPI;Baseline;2013;1,00677220213467;0,0042385788384417
CPI;Baseline;2014;1,00201892441066;0,005717656157483
CPI;Baseline;2015;0,991748108664668;0,0071602261324347
CPI;Baseline;2016;0,98191862744029;0,0080182678171186
CPI;Baseline;2017;0,974186514234658;0,0087929913493736
CPI;Baseline;2018;0,967842769044131;0,0091914691542454
CPI;Baseline;2019;0,963646580625885;0,0103584739940332
CPI;Baseline;2020;0,95590659997268;0,01081251387714
CPI;Baseline;2021;0,951096709538212;0,0119056370964418
CPI;Baseline;2022;0,944789938716157;0,0128965754134412
CPI;Baseline;2023;0,937345812604419;0,0132988358410862
CPI;Baseline;2024;0,934980418474924;0,013058519417475
CPI;Baseline;2025;0,931741246384289;0,0134732634929552
CPI;Baseline;2026;0,924529145872259;0,0139117337143565
CPI;Baseline;2027;0,918088986841921;0,0143764579804579
CPI;Baseline;2028;0,912236676253464;0,0146814881665168
CPI;Baseline;2029;0,906254417688164;0,0145809559905482
CPI;Baseline;2030;0,899902831500808;0,0139976165048447
CPI;Baseline;2031;0,895885640031648;0,0146158043847729
CPI;Baseline;2032;0,891155441065377;0,0151478295506975
CPI;Baseline;2033;0,887008289377186;0,0149797199369152
CPI;Baseline;2034;0,883135833318434;0,0149611829846916
CPI;Baseline;2035;0,879682878120936;0,0151988642723055
CPI;Baseline;2036;0,876928471573418;0,0149570761357525
CPI;Baseline;2037;0,875096785565364;0,0150165353211186
CPI;Baseline;2038;0,874042572088203;0,0151615610187724
CPI;Baseline;2039;0,871112143561797;0,0155264933240738
CPI;Baseline;2040;0,869832172921191;0,0147182050355177
CPI;Baseline;2041;0,868338618148672;0,0148017563034331
CPI;Baseline;2042;0,866825131410671;0,0142052195610377
CPI;Baseline;2043;0,864941789305347;0,0143594194354346
CPI;Baseline;2044;0,863440978737823;0,0140322002796629
CPI;Baseline;2045;0,862148172495205;0,0151079176328855
CPI;Baseline;2046;0,860179251860748;0,0151885286948055
CPI;Baseline;2047;0,859898710387992;0,0148144652705515
CPI;Baseline;2048;0,85890924361707;0,0150871793226255
CPI;Baseline;2049;0,85792500944013;0,0140968664891368
CPI;Baseline;2050;0,859912332632476;0,0140387578667556
CPI;Degrowth;2010;1,00004362245409;0,0
CPI;Degrowth;2011;1,00525222977486;1,74277535452E-05
CPI;Degrowth;2012;1,01025166924967;0,0022145568731406
CPI;Degrowth;2013;1,00677220213467;0,0042385788384417
CPI;Degrowth;2014;1,00201892441066;0,005717656157483
CPI;Degrowth;2015;0,991748108664668;0,0071602261324347
CPI;Degrowth;2016;0,98191862744029;0,0080182678171186
CPI;Degrowth;2017;0,974186514234658;0,0087929913493736
CPI;Degrowth;2018;0,967842769044131;0,0091914691542454
CPI;Degrowth;2019;0,963646580625885;0,0103584739940332
CPI;Degrowth;2020;0,95590659997268;0,01081251387714
CPI;Degrowth;2021;0,951096709538212;0,0119056370964418
CPI;Degrowth;2022;0,944789938716157;0,0128965754134412
CPI;Degrowth;2023;0,937345812604419;0,0132988358410862
CPI;Degrowth;2024;0,934980418474924;0,013058519417475
CPI;Degrowth;2025;0,931741246384289;0,0134732634929552
CPI;Degrowth;2026;0,924529145872259;0,0139117337143565
CPI;Degrowth;2027;0,918078119895311;0,0143764229656032
CPI;Degrowth;2028;0,912167543230754;0,0146796472716857
CPI;Degrowth;2029;0,905982516013638;0,0146195372108905
CPI;Degrowth;2030;0,899228430440132;0,0139970766768922
CPI;Degrowth;2031;0,895035345724942;0,0144452001053275
CPI;Degrowth;2032;0,890099343354508;0,0151961772605623
CPI;Degrowth;2033;0,886241253220194;0,0148051494633596
CPI;Degrowth;2034;0,882411431239231;0,01471727083104
CPI;Degrowth;2035;0,879586811841152;0,0151672434502421
CPI;Degrowth;2036;0,877054200207359;0,0151894239571647
CPI;Degrowth;2037;0,875932020741815;0,0147161919659771
CPI;Degrowth;2038;0,875376502427001;0,0147844942816918
CPI;Degrowth;2039;0,873621839375611;0,0155684846549879
CPI;Degrowth;2040;0,873223406435483;0,0150483122609618
CPI;Degrowth;2041;0,872006858544282;0,0141559447866819
CPI;Degrowth;2042;0,872056100786583;0,0145386554470702
CPI;Degrowth;2043;0,870780026946305;0,0140743098813325
CPI;Degrowth;2044;0,87034636057115;0,0141340180714101
CPI;Degrowth;2045;0,869756789525271;0,0149407375037204
CPI;Degrowth;2046;0,868304775651434;0,0152305757910846
CPI;Degrowth;2047;0,868039534719458;0,0148766667188103
CPI;Degrowth;2048;0,867512236755138;0,0151168678174425
CPI;Degrowth;2049;0,868079870025973;0,0142156302159836
CPI;Degrowth;2050;0,86946262583704;0,0140699804946122
CPI;Green growth;2010;1,00004362245409;0,0
CPI;Green growth;2011;1,00525222977486;1,74277535452E-05
CPI;Green growth;2012;1,01025166924967;0,0022145568731406
CPI;Green growth;2013;1,00677220213467;0,0042385788384417
CPI;Green growth;2014;1,00201892441066;0,005717656157483
CPI;Green growth;2015;0,991748108664668;0,0071602261324347
CPI;Green growth;2016;0,98191862744029;0,0080182678171186
CPI;Green growth;2017;0,974186514234658;0,0087929913493736
CPI;Green growth;2018;0,967842769044131;0,0091914691542454
CPI;Green growth;2019;0,963646580625885;0,0103584739940332
CPI;Green growth;2020;0,95590659997268;0,01081251387714
CPI;Green growth;2021;0,951096709538212;0,0119056370964418
CPI;Green growth;2022;0,944789938716157;0,0128965754134412
CPI;Green growth;2023;0,937345812604419;0,0132988358410862
CPI;Green growth;2024;0,934980418474924;0,013058519417475
CPI;Green growth;2025;0,931737747316689;0,0134729985423008
CPI;Green growth;2026;0,924491643625705;0,0139152254088574
CPI;Green growth;2027;0,91827292615969;0,0143406704219212
CPI;Green growth;2028;0,912694044911738;0,0147011387461149
CPI;Green growth;2029;0,906137705090651;0,0145762119568479
CPI;Green growth;2030;0,900180534341817;0,0141635807067478
CPI;Green growth;2031;0,89533790916319;0,014381351594657
CPI;Green growth;2032;0,89079216955938;0,0151707780208151
CPI;Green growth;2033;0,886490968362398;0,0146178479094097
CPI;Green growth;2034;0,882307450504154;0,0148403330857694
CPI;Green growth;2035;0,877971858402801;0,0149764749826939
CPI;Green growth;2036;0,874005813584011;0,0150500034413523
CPI;Green growth;2037;0,871413661891983;0,0149415624410688
CPI;Green growth;2038;0,868209851903432;0,0152874232623187
CPI;Green growth;2039;0,863590768537889;0,0148803160136317
CPI;Green growth;2040;0,85966778413962;0,0144584365598635
CPI;Green growth;2041;0,855156909065871;0,013893795897183
CPI;Green growth;2042;0,851788686440751;0,0145633543182743
CPI;Green growth;2043;0,847004269967817;0,0143218069083102
CPI;Green growth;2044;0,842225085452775;0,014521424003615
CPI;Green growth;2045;0,839275494610253;0,0149518561876514
CPI;Green growth;2046;0,835143517819124;0,0147391979254574
CPI;Green growth;2047;0,832754663038476;0,0149140100744606
CPI;Green growth;2048;0,830857979722878;0,0153302788450595
CPI;Green growth;2049;0,829791953035711;0,0145629762087998
CPI;Green growth;2050;0,829421209974284;0,0143059667460021
GDP real;Baseline;2010;1601123408281,2;0,0
GDP real;Baseline;2011;1572519984505,21;809174202,547241
GDP real;Baseline;2012;1556615473658,59;1895541303,15198
GDP real;Baseline;2013;1556288148582,46;2797760201,04651
GDP real;Baseline;2014;1568913205741,73;3273322629,88
GDP real;Baseline;2015;1585068831070,55;3270545910,1814
GDP real;Baseline;2016;1609066008557,58;3809139335,37805
GDP real;Baseline;2017;1630586972051,68;4187912398,95117
GDP real;Baseline;2018;1642462798066,77;4636992863,94104
GDP real;Baseline;2019;1653900758253,73;5275476145,36743
GDP real;Baseline;2020;1508838711285,27;6413957881,50647
GDP real;Baseline;2021;1651654606881,88;8348852396,36572
GDP real;Baseline;2022;1756780978377,73;8785346371,45154
GDP real;Baseline;2023;1810875307778,58;9772131452,13452
GDP real;Baseline;2024;1829096814761,76;8619679038,71204
GDP real;Baseline;2025;1838442908836,06;9440900274,94971
GDP real;Baseline;2026;1848456330598,46;9465954500,49243
GDP real;Baseline;2027;1810279829679,78;8488379478,6665
GDP real;Baseline;2028;1806865725456,7;8135015610,52649
GDP real;Baseline;2029;1815221039853,95;8642973637,828
GDP real;Baseline;2030;1829117055513,75;8014897046,54236
GDP real;Baseline;2031;1840333388254,98;8560909205,7644
GDP real;Baseline;2032;1853735662976,11;9045556396,98962
GDP real;Baseline;2033;1867333607353,26;10240666570,8297
GDP real;Baseline;2034;1881134820421,92;10337019045,9319
GDP real;Baseline;2035;1909059900566,01;10754779410,976
GDP real;Baseline;2036;1922970052628,16;11267537615,287
GDP real;Baseline;2037;1934705803842,69;11198924774,3395
GDP real;Baseline;2038;1946949161941,47;11358550784,18
GDP real;Baseline;2039;1961650195102,97;11980313395,7045
GDP real;Baseline;2040;1977467642779,71;12011976296,9944
GDP real;Baseline;2041;1996418207515,34;12597740715,8584
GDP real;Baseline;2042;2015326552451,1;13019570304,3684
GDP real;Baseline;2043;2029690005468,19;13864490129,9919
GDP real;Baseline;2044;2045049435791,94;14769205424,3449
GDP real;Baseline;2045;2059916321938,91;15710290259,595
GDP real;Baseline;2046;2073041937891,49;16361972694,8193
GDP real;Baseline;2047;2092763643833,59;17269236534,9922
GDP real;Baseline;2048;2110453968580,7;17288075794,4731
GDP real;Baseline;2049;2125349017887,58;18673904845,5355
GDP real;Baseline;2050;2137287330215,88;19249745580,7319
GDP real;Degrowth;2010;1601123408281,2;0,0
GDP real;Degrowth;2011;1572519984505,21;809174202,547241
GDP real;Degrowth;2012;1556615473658,59;1895541303,15198
GDP real;Degrowth;2013;1556288148582,46;2797760201,04651
GDP real;Degrowth;2014;1568913205741,73;3273322629,88
GDP real;Degrowth;2015;1585068831070,55;3270545910,1814
GDP real;Degrowth;2016;1609066008557,58;3809139335,37805
GDP real;Degrowth;2017;1630586972051,68;4187912398,95117
GDP real;Degrowth;2018;1642462798066,77;4636992863,94104
GDP real;Degrowth;2019;1653900758253,73;5275476145,36743
GDP real;Degrowth;2020;1508838711285,27;6413957881,50647
GDP real;Degrowth;2021;1651654606881,88;8348852396,36572
GDP real;Degrowth;2022;1756780978377,73;8785346371,45154
GDP real;Degrowth;2023;1810875307778,58;9772131452,13452
GDP real;Degrowth;2024;1829096814761,76;8619679038,71204
GDP real;Degrowth;2025;1838442908836,06;9440900274,94971
GDP real;Degrowth;2026;1839322497826,97;9381590632,40027
GDP real;Degrowth;2027;1788010369597,78;8385843734,42346
GDP real;Degrowth;2028;1771026116692,65;8135010144,8158
GDP real;Degrowth;2029;1764584388789,65;8257814840,07703
GDP real;Degrowth;2030;1755192185090,98;7678516565,87695
GDP real;Degrowth;2031;1745842792267,13;7665312941,95569
GDP real;Degrowth;2032;1739633441273,58;8224131422,13965
GDP real;Degrowth;2033;1733861307600,59;9193155161,96045
GDP real;Degrowth;2034;1728731854642,53;9243905616,52954
GDP real;Degrowth;2035;1737052869422,6;9473339478,53174
GDP real;Degrowth;2036;1731511629855,52;9660484569,6897
GDP real;Degrowth;2037;1724021631042,36;9549269143,04822
GDP real;Degrowth;2038;1716898998717,64;9814604195,59436
GDP real;Degrowth;2039;1711169606083,74;9663535187,77112
GDP real;Degrowth;2040;1706071999756,26;9025561055,27979
GDP real;Degrowth;2041;1702325286836,02;9047908340,77612
GDP real;Degrowth;2042;1695532130458,91;8465690566,64258
GDP real;Degrowth;2043;1684052547075,52;8419126564,31604
GDP real;Degrowth;2044;1673006406204,94;9133435059,51489
GDP real;Degrowth;2045;1659533086519,26;8999377033,77161
GDP real;Degrowth;2046;1643765260824,95;9060413086,71509
GDP real;Degrowth;2047;1636600650251,95;9449169245,44946
GDP real;Degrowth;2048;1625657383538,68;9569563582,20398
GDP real;Degrowth;2049;1612110997450,24;9870612138,71106
GDP real;Degrowth;2050;1595538155471,51;9274331379,58728
GDP real;Green growth;2010;1601123408281,2;0,0
GDP real;Green growth;2011;1572519984505,21;809174202,547241
GDP real;Green growth;2012;1556615473658,59;1895541303,15198
GDP real;Green growth;2013;1556288148582,46;2797760201,04651
GDP real;Green growth;2014;1568913205741,73;3273322629,88
GDP real;Green growth;2015;1585068831070,55;3270545910,1814
GDP real;Green growth;2016;1609066008557,58;3809139335,37805
GDP real;Green growth;2017;1630586972051,68;4187912398,95117
GDP real;Green growth;2018;1642462798066,77;4636992863,94104
GDP real;Green growth;2019;1653900758253,73;5275476145,36743
GDP real;Green growth;2020;1508838711285,27;6413957881,50647
GDP real;Green growth;2021;1651654606881,88;8348852396,36572
GDP real;Green growth;2022;1756780978377,73;8785346371,45154
GDP real;Green growth;2023;1810875307778,58;9772131452,13452
GDP real;Green growth;2024;1829096814761,76;8619679038,71204
GDP real;Green growth;2025;1847466071306,35;9843437131,09644
GDP real;Green growth;2026;1854423016842,68;9449028044,50818
GDP real;Green growth;2027;1815635779781,09;8911206280,34363
GDP real;Green growth;2028;1812402562892,86;8511385835,64099
GDP real;Green growth;2029;1820829673482,28;8669643855,04285
GDP real;Green growth;2030;1837199471279,13;8054424066,35938
GDP real;Green growth;2031;1851231717314,82;8456374699,51001
GDP real;Green growth;2032;1868175446987,55;9167953927,94214
GDP real;Green growth;2033;1885654700326,26;10352729640,681
GDP real;Green growth;2034;1905561470771,29;10013717480,1182
GDP real;Green growth;2035;1941313287314,39;10798171824,2991
GDP real;Green growth;2036;1966259735925,69;10861453473,1215
GDP real;Green growth;2037;1988397715405,93;10928074469,7474
GDP real;Green growth;2038;2006717867977,69;11415813455,129
GDP real;Green growth;2039;2024596635226,24;11445355470,5502
GDP real;Green growth;2040;2039139424803,01;11524388939,249
GDP real;Green growth;2041;2053281956897,65;11886154579,4182
GDP real;Green growth;2042;2065841049317,91;12256459294,5546
GDP real;Green growth;2043;2074697382515,57;12192820100,5941
GDP real;Green growth;2044;2085385016416,67;13189082412,4912
GDP real;Green growth;2045;2096350131997,49;14109112716,8906
GDP real;Green growth;2046;2108902286665,98;14855082638,4233
GDP real;Green growth;2047;2131223913929,25;14544293293,572
GDP real;Green growth;2048;2150945087619,47;15123813835,1809
GDP real;Green growth;2049;2168240787230,68;15640793351,4495
GDP real;Green growth;2050;2183995553071,58;16645840127,9288
GINI yd;Baseline;2010;0,312055815963847;0,0
GINI yd;Baseline;2011;0,312725212481505;0,0006073275273385
GINI yd;Baseline;2012;0,314579996511421;0,0006329368241578
GINI yd;Baseline;2013;0,315210594227981;0,0007896648418265
GINI yd;Baseline;2014;0,314037081204836;0,0008325641776121
GINI yd;Baseline;2015;0,311988681844549;0,0008920921745354
GINI yd;Baseline;2016;0,308664651098626;0,0009850983560315
GINI yd;Baseline;2017;0,306087218486479;0,0010501217387125
GINI yd;Baseline;2018;0,303913919424693;0,0011627609213686
GINI yd;Baseline;2019;0,300498924375717;0,0012219309388656
GINI yd;Baseline;2020;0,315417673139132;0,0011127946459442
GINI yd;Baseline;2021;0,297711415129475;0,0011353014616441
GINI yd;Baseline;2022;0,283500114829359;0,0013895238108893
GINI yd;Baseline;2023;0,280309484685005;0,0011038717896291
GINI yd;Baseline;2024;0,280258836444832;0,0012937598740661
GINI yd;Baseline;2025;0,27989883795481;0,0015007338837707
GINI yd;Baseline;2026;0,280161641284068;0,0014833305445786
GINI yd;Baseline;2027;0,282641660359965;0,0013715824478647
GINI yd;Baseline;2028;0,283647338843227;0,0014938639283905
GINI yd;Baseline;2029;0,284132855602522;0,0015580716098046
GINI yd;Baseline;2030;0,284479255123511;0,0016679569832054
GINI yd;Baseline;2031;0,285025263361389;0,0016703637167371
GINI yd;Baseline;2032;0,285692929746072;0,0016325672205437
GINI yd;Baseline;2033;0,286223398896405;0,0016754409995007
GINI yd;Baseline;2034;0,2868805995753;0,0016742495083946
GINI yd;Baseline;2035;0,286371104236214;0,0016919374253306
GINI yd;Baseline;2036;0,28807606137399;0,0016795359202177
GINI yd;Baseline;2037;0,289560649508671;0,001683070565996
GINI yd;Baseline;2038;0,291105799781586;0,0017524538478045
GINI yd;Baseline;2039;0,292348349845987;0,0019208932577506
GINI yd;Baseline;2040;0,293610372902526;0,0018809305548308
GINI yd;Baseline;2041;0,294370336851791;0,001986083196323
GINI yd;Baseline;2042;0,29557443978535;0,0019528505683142
GINI yd;Baseline;2043;0,297401504339444;0,0019531716847612
GINI yd;Baseline;2044;0,298345864926791;0,0020202369837201
GINI yd;Baseline;2045;0,299798881065086;0,0019811703719987
GINI yd;Baseline;2046;0,301739526735091;0,0020593651577956
GINI yd;Baseline;2047;0,302206464785763;0,0019845921099313
GINI yd;Baseline;2048;0,303942293557733;0,0021945561034464
GINI yd;Baseline;2049;0,305712889561582;0,0022638663221278
GINI yd;Baseline;2050;0,307786392996192;0,0023138909446308
GINI yd;Degrowth;2010;0,312055815963847;0,0
GINI yd;Degrowth;2011;0,312725212481505;0,0006073275273385
GINI yd;Degrowth;2012;0,314579996511421;0,0006329368241578
GINI yd;Degrowth;2013;0,315210594227981;0,0007896648418265
GINI yd;Degrowth;2014;0,314037081204836;0,0008325641776121
GINI yd;Degrowth;2015;0,311988681844549;0,0008920921745354
GINI yd;Degrowth;2016;0,308664651098626;0,0009850983560315
GINI yd;Degrowth;2017;0,306087218486479;0,0010501217387125
GINI yd;Degrowth;2018;0,303913919424693;0,0011627609213686
GINI yd;Degrowth;2019;0,300498924375717;0,0012219309388656
GINI yd;Degrowth;2020;0,315417673139132;0,0011127946459442
GINI yd;Degrowth;2021;0,297711415129475;0,0011353014616441
GINI yd;Degrowth;2022;0,283500114829359;0,0013895238108893
GINI yd;Degrowth;2023;0,280309484685005;0,0011038717896291
GINI yd;Degrowth;2024;0,280258836444832;0,0012937598740661
GINI yd;Degrowth;2025;0,27989883795481;0,0015007338837707
GINI yd;Degrowth;2026;0,279826690138551;0,0014826699650749
GINI yd;Degrowth;2027;0,282250330672617;0,0013838127589241
GINI yd;Degrowth;2028;0,283111253845994;0,0015011563359246
GINI yd;Degrowth;2029;0,283564866567426;0,0015525147682587
GINI yd;Degrowth;2030;0,284219843768211;0,0016240178913221
GINI yd;Degrowth;2031;0,285018136454808;0,0015829666429119
GINI yd;Degrowth;2032;0,285763388981931;0,0015693979220171
GINI yd;Degrowth;2033;0,286469656667995;0,0015668219795271
GINI yd;Degrowth;2034;0,287216081675298;0,0015928361780265
GINI yd;Degrowth;2035;0,286712202849377;0,0016483564699372
GINI yd;Degrowth;2036;0,288614836374075;0,0016184862874071
GINI yd;Degrowth;2037;0,290236371790406;0,0016150508224518
GINI yd;Degrowth;2038;0,291824871106344;0,0017365113921566
GINI yd;Degrowth;2039;0,29282983583811;0,0019299722671007
GINI yd;Degrowth;2040;0,293485091063035;0,002071460331669
GINI yd;Degrowth;2041;0,293619694131125;0,0023215317267022
GINI yd;Degrowth;2042;0,293357910471979;0,0025315816686278
GINI yd;Degrowth;2043;0,293875462594748;0,0025783199443198
GINI yd;Degrowth;2044;0,29373203168642;0,0025052057906353
GINI yd;Degrowth;2045;0,293826894380328;0,0026343340792678
GINI yd;Degrowth;2046;0,294281782886362;0,0027392811405093
GINI yd;Degrowth;2047;0,293440787811766;0,0028107186263632
GINI yd;Degrowth;2048;0,293434914612026;0,0029163625547729
GINI yd;Degrowth;2049;0,293739154982296;0,0029349627343869
GINI yd;Degrowth;2050;0,294541196087415;0,0027560756979434
GINI yd;Green growth;2010;0,312055815963847;0,0
GINI yd;Green growth;2011;0,312725212481505;0,0006073275273385
GINI yd;Green growth;2012;0,314579996511421;0,0006329368241578
GINI yd;Green growth;2013;0,315210594227981;0,0007896648418265
GINI yd;Green growth;2014;0,314037081204836;0,0008325641776121
GINI yd;Green growth;2015;0,311988681844549;0,0008920921745354
GINI yd;Green growth;2016;0,308664651098626;0,0009850983560315
GINI yd;Green growth;2017;0,306087218486479;0,0010501217387125
GINI yd;Green growth;2018;0,303913919424693;0,0011627609213686
GINI yd;Green growth;2019;0,300498924375717;0,0012219309388656
GINI yd;Green growth;2020;0,315417673139132;0,0011127946459442
GINI yd;Green growth;2021;0,297711415129475;0,0011353014616441
GINI yd;Green growth;2022;0,283500114829359;0,0013895238108893
GINI yd;Green growth;2023;0,280309484685005;0,0011038717896291
GINI yd;Green growth;2024;0,280258836444832;0,0012937598740661
GINI yd;Green growth;2025;0,278703157098532;0,0015240934037094
GINI yd;Green growth;2026;0,279768996632134;0,0014929084024944
GINI yd;Green growth;2027;0,282331443085543;0,0013935843970986
GINI yd;Green growth;2028;0,283338640042779;0,0015258088025209
GINI yd;Green growth;2029;0,28394014909829;0,0015767885101049
GINI yd;Green growth;2030;0,284013820633257;0,0017088005259529
GINI yd;Green growth;2031;0,284460469017916;0,001715293920241
GINI yd;Green growth;2032;0,284903715482883;0,0016572585515778
GINI yd;Green growth;2033;0,285394007865648;0,0016755913799417
GINI yd;Green growth;2034;0,28572784950957;0,0016977270961182
GINI yd;Green growth;2035;0,284971689807418;0,0017963181955861
GINI yd;Green growth;2036;0,286117337546747;0,0017426516501077
GINI yd;Green growth;2037;0,287204464994539;0,0017814255122501
GINI yd;Green growth;2038;0,288683722311262;0,0017893918683474
GINI yd;Green growth;2039;0,290097710288922;0,0019903388107182
GINI yd;Green growth;2040;0,291920453049149;0,0018572286250887
GINI yd;Green growth;2041;0,293316834741069;0,0019646151804616
GINI yd;Green growth;2042;0,29516619670837;0,0020280466978506
GINI yd;Green growth;2043;0,297302959317779;0,002099084809898
GINI yd;Green growth;2044;0,298688303664377;0,0021868356059842
GINI yd;Green growth;2045;0,300251859301539;0,0022441678183165
GINI yd;Green growth;2046;0,301520594014447;0,0021497632845113
GINI yd;Green growth;2047;0,301971746291523;0,0021557280094051
GINI yd;Green growth;2048;0,303116027759412;0,0022222162721289
GINI yd;Green growth;2049;0,304447093271326;0,0022599735309476
GINI yd;Green growth;2050;0,306129305015867;0,0024573866004651
Inflation;Baseline;2010;4,36224540909E-05;0,0
Inflation;Baseline;2011;0,0052083801184519;1,7426993337E-05
Inflation;Baseline;2012;0,0049831848838273;0,0021998176045249
Inflation;Baseline;2013;-0,0030696108141132;0,002633420685139
Inflation;Baseline;2014;-0,0045057054666515;0,0026433670038217
Inflation;Baseline;2015;-0,0106127711204483;0,0029370697776308
Inflation;Baseline;2016;-0,0092658743176227;0,0022138004922239
Inflation;Baseline;2017;-0,0075589878082885;0,0024605734553236
Inflation;Baseline;2018;-0,0061023664471686;0,0025453807389725
Inflation;Baseline;2019;-0,0034323126380829;0,0027610995841707
Inflation;Baseline;2020;-0,0082668239208336;0,0025554292240465
Inflation;Baseline;2021;-0,0054771704076613;0,0031526741000752
Inflation;Baseline;2022;-0,0067449780610651;0,0028034121305787
Inflation;Baseline;2023;-0,0071714716564202;0,0031178915429421
Inflation;Baseline;2024;-0,0026574323212101;0,0027930866742137
Inflation;Baseline;2025;-0,0026375740963839;0,0026504834339238
Inflation;Baseline;2026;-0,0048704771144546;0,0032586715302218
Inflation;Baseline;2027;-0,0067676062898001;0,0030521271656909
Inflation;Baseline;2028;-0,006646686498948;0,0028075547997236
Inflation;Baseline;2029;-0,0064383141986723;0,0026547769728053
Inflation;Baseline;2030;-0,0061722723660673;0,0027990505253398
Inflation;Baseline;2031;-0,0057503013378087;0,002309579387733
Inflation;Baseline;2032;-0,0050095601491267;0,0026474673778121
Inflation;Baseline;2033;-0,0042371363543;0,0024117950893394
Inflation;Baseline;2034;-0,0035472523657126;0,0024464008557683
Inflation;Baseline;2035;-0,0029643804480176;0,0021759018128341
Inflation;Baseline;2036;-0,0026075725554738;0,0024985403203826
Inflation;Baseline;2037;-0,0017505049617931;0,0025494958604689
Inflation;Baseline;2038;-0,0015633172857589;0,0025163043826355
Inflation;Baseline;2039;-0,0018916004203214;0,0023611698177491
Inflation;Baseline;2040;-0,0020624506965108;0,0026388125165027
Inflation;Baseline;2041;-0,0014278074982624;0,0026758345326397
Inflation;Baseline;2042;-0,0016398698171078;0,0025353767386622
Inflation;Baseline;2043;-0,0012053757716675;0,0024256553190248
Inflation;Baseline;2044;-0,0009963527969182;0,002463243722014
Inflation;Baseline;2045;-0,0005363771141626;0,002262634276474
Inflation;Baseline;2046;-0,0005059498131653;0,0022813396131166
Inflation;Baseline;2047;-0,0002363438468324;0,0023432176063011
Inflation;Baseline;2048;-8,5387221973E-06;0,002659933040801
Inflation;Baseline;2049;0,0003388667038726;0,0025731577611309
Inflation;Baseline;2050;0,0010158026411197;0,0025358234814734
Inflation;Degrowth;2010;4,36224540909E-05;0,0
Inflation;Degrowth;2011;0,0052083801184519;1,7426993337E-05
Inflation;Degrowth;2012;0,0049831848838273;0,0021998176045249
Inflation;Degrowth;2013;-0,0030696108141132;0,002633420685139
Inflation;Degrowth;2014;-0,0045057054666515;0,0026433670038217
Inflation;Degrowth;2015;-0,0106127711204483;0,0029370697776308
Inflation;Degrowth;2016;-0,0092658743176227;0,0022138004922239
Inflation;Degrowth;2017;-0,0075589878082885;0,0024605734553236
Inflation;Degrowth;2018;-0,0061023664471686;0,0025453807389725
Inflation;Degrowth;2019;-0,0034323126380829;0,0027610995841707
Inflation;Degrowth;2020;-0,0082668239208336;0,0025554292240465
Inflation;Degrowth;2021;-0,0054771704076613;0,0031526741000752
Inflation;Degrowth;2022;-0,0067449780610651;0,0028034121305787
Inflation;Degrowth;2023;-0,0071714716564202;0,0031178915429421
Inflation;Degrowth;2024;-0,0026574323212101;0,0027930866742137
Inflation;Degrowth;2025;-0,0026375740963839;0,0026504834339238
Inflation;Degrowth;2026;-0,0048704771144546;0,0032586715302218
Inflation;Degrowth;2027;-0,0067793773316083;0,0030521190063457
Inflation;Degrowth;2028;-0,0067428493906144;0,0028085500411036
Inflation;Degrowth;2029;-0,0066756137954325;0,0026694119016466
Inflation;Degrowth;2030;-0,0064457793577682;0,0027616895455393
Inflation;Degrowth;2031;-0,0060954189189669;0,0022356282230339
Inflation;Degrowth;2032;-0,0051329382990062;0,0024540031159005
Inflation;Degrowth;2033;-0,0042892339588822;0,0021955954071539
Inflation;Degrowth;2034;-0,0034104667195671;0,0021658666257203
Inflation;Degrowth;2035;-0,0026083778748808;0,0019624942591342
Inflation;Degrowth;2036;-0,0020932248928842;0,002147318329214
Inflation;Degrowth;2037;-0,0009129359664136;0,002212570582419
Inflation;Degrowth;2038;-0,0006526640216666;0,0022470792975416
Inflation;Degrowth;2039;-0,0008847042498481;0,00217026157547
Inflation;Degrowth;2040;-0,001097337030384;0,0023252856189523
Inflation;Degrowth;2041;-0,0005011325584048;0,0024718892990021
Inflation;Degrowth;2042;-0,0007771559718728;0,0023868932612536
Inflation;Degrowth;2043;-0,0003771422251517;0,0022122528715608
Inflation;Degrowth;2044;-7,61885499658E-05;0,0022207570003974
Inflation;Degrowth;2045;-6,13683780033E-05;0,0021264840177853
Inflation;Degrowth;2046;0,0001988815685189;0,0020497621736358
Inflation;Degrowth;2047;0,0004328454546478;0,0021062652653652
Inflation;Degrowth;2048;0,0004234042521662;0,0024581311398117
Inflation;Degrowth;2049;0,0010856735415567;0,0022195649371878
Inflation;Degrowth;2050;0,0017208289894092;0,0023189209728212
Inflation;Green growth;2010;4,36224540909E-05;0,0
Inflation;Green growth;2011;0,0052083801184519;1,7426993337E-05
Inflation;Green growth;2012;0,0049831848838273;0,0021998176045249
Inflation;Green growth;2013;-0,0030696108141132;0,002633420685139
Inflation;Green growth;2014;-0,0045057054666515;0,0026433670038217
Inflation;Green growth;2015;-0,0106127711204483;0,0029370697776308
Inflation;Green growth;2016;-0,0092658743176227;0,0022138004922239
Inflation;Green growth;2017;-0,0075589878082885;0,0024605734553236
Inflation;Green growth;2018;-0,0061023664471686;0,0025453807389725
Inflation;Green growth;2019;-0,0034323126380829;0,0027610995841707
Inflation;Green growth;2020;-0,0082668239208336;0,0025554292240465
Inflation;Green growth;2021;-0,0054771704076613;0,0031526741000752
Inflation;Green growth;2022;-0,0067449780610651;0,0028034121305787
Inflation;Green growth;2023;-0,0071714716564202;0,0031178915429421
Inflation;Green growth;2024;-0,0026574323212101;0,0027930866742137
Inflation;Green growth;2025;-0,002640164680574;0,0026509067768529
Inflation;Green growth;2026;-0,0049080334816684;0,003258284397812
Inflation;Green growth;2027;-0,0064503552352005;0,0030450005854816
Inflation;Green growth;2028;-0,0065615597649956;0,0027843241743272
Inflation;Green growth;2029;-0,0067008994755862;0,0026121597323716
Inflation;Green growth;2030;-0,0062261514599328;0,0028020091598149
Inflation;Green growth;2031;-0,0059692849734073;0,0023107869191322
Inflation;Green growth;2032;-0,0053148915248295;0,0026741271476291
Inflation;Green growth;2033;-0,0046399784639572;0,0023214445323731
Inflation;Green growth;2034;-0,0041098537162321;0,002514036223521
Inflation;Green growth;2035;-0,0037820405624553;0,0022266037414403
Inflation;Green growth;2036;-0,0037896359203237;0,0025914150375704
Inflation;Green growth;2037;-0,0032434930251419;0,0025596104034789
Inflation;Green growth;2038;-0,0033128514594104;0,0025871409303965
Inflation;Green growth;2039;-0,0042510613303896;0,0023767446289067
Inflation;Green growth;2040;-0,0045443390775489;0,0025424093692966
Inflation;Green growth;2041;-0,0044741812989872;0,0026859247619957
Inflation;Green growth;2042;-0,0049319011460802;0,0024397293558019
Inflation;Green growth;2043;-0,0046937712366693;0,0023596573716093
Inflation;Green growth;2044;-0,0034950999533616;0,0022577462322735
Inflation;Green growth;2045;-0,0035398143594227;0,0023064381469787
Inflation;Green growth;2046;-0,0033395070083894;0,0023388038938127
Inflation;Green growth;2047;-0,0024577325139714;0,0021601855865169
Inflation;Green growth;2048;-0,0016031959520488;0,0022916735023797
Inflation;Green growth;2049;-0,0010454259572928;0,0023864324095293
Inflation;Green growth;2050;0,0001235313621965;0,0022353483263276
mean yd d real;Baseline;2010;20454,2190232839;0,0
mean yd d real;Baseline;2011;20368,964377068;8,23940884289914
mean yd d real;Baseline;2012;20362,3180859842;26,0845525587592
mean yd d real;Baseline;2013;20504,766404902;31,5891484365075
mean yd d real;Baseline;2014;20640,4589904762;39,0427142309127
mean yd d real;Baseline;2015;20838,9031360656;44,1525506605431
mean yd d real;Baseline;2016;21010,34185026;45,9286845728711
mean yd d real;Baseline;2017;21169,5672754606;52,7348382582095
mean yd d real;Baseline;2018;21208,2052222468;62,0532670461071
mean yd d real;Baseline;2019;21205,5363949034;65,0969170621611
mean yd d real;Baseline;2020;20057,2096999435;76,2807259921919
mean yd d real;Baseline;2021;21101,7826796457;96,4899389404363
mean yd d real;Baseline;2022;21962,3455234611;104,643058170152
mean yd d real;Baseline;2023;22261,7096905383;120,973010094749
mean yd d real;Baseline;2024;22364,8261591783;120,957721773402
mean yd d real;Baseline;2025;22431,5239381941;122,482805881084
mean yd d real;Baseline;2026;22548,4257897642;124,831455007437
mean yd d real;Baseline;2027;22389,724296656;131,086483668085
mean yd d real;Baseline;2028;22453,7491264662;130,35566006457
mean yd d real;Baseline;2029;22585,7011590721;131,027995894912
mean yd d real;Baseline;2030;22716,4978064154;140,02156894164
mean yd d real;Baseline;2031;22834,1531010579;142,360002943515
mean yd d real;Baseline;2032;22965,1875230822;151,78953412133
mean yd d real;Baseline;2033;23080,7123232199;167,218608251238
mean yd d real;Baseline;2034;23206,0062279152;163,168734952184
mean yd d real;Baseline;2035;23381,0161629993;176,903701315307
mean yd d real;Baseline;2036;23509,272673384;194,732081896662
mean yd d real;Baseline;2037;23623,9181757083;197,792813914713
mean yd d real;Baseline;2038;23755,015781715;201,742081702068
mean yd d real;Baseline;2039;23909,6025618361;212,114469245662
mean yd d real;Baseline;2040;24064,7267889992;218,085239877148
mean yd d real;Baseline;2041;24245,5952271082;229,747787287568
mean yd d real;Baseline;2042;24413,9491120561;241,398882364356
mean yd d real;Baseline;2043;24558,2973432768;247,675876927225
mean yd d real;Baseline;2044;24713,4722391962;258,055887459361
mean yd d real;Baseline;2045;24871,7777420738;272,273424310484
mean yd d real;Baseline;2046;25023,2264154682;287,05684911746
mean yd d real;Baseline;2047;25211,6685712647;294,52464442147
mean yd d real;Baseline;2048;25385,8051354181;293,780683984385
mean yd d real;Baseline;2049;25554,6031707401;301,27965684059
mean yd d real;Baseline;2050;25722,3928165901;305,57884924787
mean yd d real;Degrowth;2010;20454,2190232839;0,0
mean yd d real;Degrowth;2011;20368,964377068;8,23940884289914
mean yd d real;Degrowth;2012;20362,3180859842;26,0845525587592
mean yd d real;Degrowth;2013;20504,766404902;31,5891484365075
mean yd d real;Degrowth;2014;20640,4589904762;39,0427142309127
mean yd d real;Degrowth;2015;20838,9031360656;44,1525506605431
mean yd d real;Degrowth;2016;21010,34185026;45,9286845728711
mean yd d real;Degrowth;2017;21169,5672754606;52,7348382582095
mean yd d real;Degrowth;2018;21208,2052222468;62,0532670461071
mean yd d real;Degrowth;2019;21205,5363949034;65,0969170621611
mean yd d real;Degrowth;2020;20057,2096999435;76,2807259921919
mean yd d real;Degrowth;2021;21101,7826796457;96,4899389404363
mean yd d real;Degrowth;2022;21962,3455234611;104,643058170152
mean yd d real;Degrowth;2023;22261,7096905383;120,973010094749
mean yd d real;Degrowth;2024;22364,8261591783;120,957721773402
mean yd d real;Degrowth;2025;22431,5239381941;122,482805881084
mean yd d real;Degrowth;2026;22478,53100261;124,660463458786
mean yd d real;Degrowth;2027;22241,1091646245;130,592811404987
mean yd d real;Degrowth;2028;22227,5145145419;128,134947367394
mean yd d real;Degrowth;2029;22272,3640418578;128,217129508259
mean yd d real;Degrowth;2030;22294,6792965219;133,683717247501
mean yd d real;Degrowth;2031;22304,4671378165;137,338757161106
mean yd d real;Degrowth;2032;22328,2133540368;146,489688213041
mean yd d real;Degrowth;2033;22340,4240215081;155,860953420352
mean yd d real;Degrowth;2034;22354,0756310516;157,962754832208
mean yd d real;Degrowth;2035;22429,3721140278;169,042761641538
mean yd d real;Degrowth;2036;22440,2622619838;174,111638811477
mean yd d real;Degrowth;2037;22440,4277095613;177,938507493534
mean yd d real;Degrowth;2038;22447,1313182142;170,156671196153
mean yd d real;Degrowth;2039;22475,9297057118;156,486010598999
mean yd d real;Degrowth;2040;22446,845416021;144,943491265651
mean yd d real;Degrowth;2041;22428,1597693222;135,578143395866
mean yd d real;Degrowth;2042;22374,127247821;135,864947574617
mean yd d real;Degrowth;2043;22297,7708551603;137,635828310886
mean yd d real;Degrowth;2044;22211,6122330142;143,833686162696
mean yd d real;Degrowth;2045;22107,3901881137;148,945410416127
mean yd d real;Degrowth;2046;21984,231990206;151,628443301122
mean yd d real;Degrowth;2047;21915,1956780975;158,773189434474
mean yd d real;Degrowth;2048;21816,0685107474;175,398306307439
mean yd d real;Degrowth;2049;21698,2200754513;174,067844350608
mean yd d real;Degrowth;2050;21582,0507103609;161,355789541361
mean yd d real;Green growth;2010;20454,2190232839;0,0
mean yd d real;Green growth;2011;20368,964377068;8,23940884289914
mean yd d real;Green growth;2012;20362,3180859842;26,0845525587592
mean yd d real;Green growth;2013;20504,766404902;31,5891484365075
mean yd d real;Green growth;2014;20640,4589904762;39,0427142309127
mean yd d real;Green growth;2015;20838,9031360656;44,1525506605431
mean yd d real;Green growth;2016;21010,34185026;45,9286845728711
mean yd d real;Green growth;2017;21169,5672754606;52,7348382582095
mean yd d real;Green growth;2018;21208,2052222468;62,0532670461071
mean yd d real;Green growth;2019;21205,5363949034;65,0969170621611
mean yd d real;Green growth;2020;20057,2096999435;76,2807259921919
mean yd d real;Green growth;2021;21101,7826796457;96,4899389404363
mean yd d real;Green growth;2022;21962,3455234611;104,643058170152
mean yd d real;Green growth;2023;22261,7096905383;120,973010094749
mean yd d real;Green growth;2024;22364,8261591783;120,957721773402
mean yd d real;Green growth;2025;22468,0938728278;124,256112807818
mean yd d real;Green growth;2026;22575,0588033238;122,990542892023
mean yd d real;Green growth;2027;22410,5581688113;131,967213992386
mean yd d real;Green growth;2028;22482,5568683371;130,66625406351
mean yd d real;Green growth;2029;22617,9963597377;133,288729932285
mean yd d real;Green growth;2030;22760,7801010693;137,03248022204
mean yd d real;Green growth;2031;22892,2150276765;141,625244568062
mean yd d real;Green growth;2032;23044,4993374824;155,873776336555
mean yd d real;Green growth;2033;23185,4061007518;168,218846527707
mean yd d real;Green growth;2034;23353,9478221976;165,61900011272
mean yd d real;Green growth;2035;23588,2606278762;175,755583350245
mean yd d real;Green growth;2036;23774,1388661406;192,75104690236
mean yd d real;Green growth;2037;23954,492044928;202,652447416989
mean yd d real;Green growth;2038;24128,2842279392;213,513142404436
mean yd d real;Green growth;2039;24327,387076476;214,984747291635
mean yd d real;Green growth;2040;24506,6664444744;225,082441361166
mean yd d real;Green growth;2041;24702,9393176499;226,522846898013
mean yd d real;Green growth;2042;24878,0826885697;232,933323868407
mean yd d real;Green growth;2043;25050,4434489192;241,392368303152
mean yd d real;Green growth;2044;25205,9905865507;256,396610528685
mean yd d real;Green growth;2045;25368,8699006662;263,621338133571
mean yd d real;Green growth;2046;25547,2597375163;266,010308497847
mean yd d real;Green growth;2047;25756,3246198793;281,925817253508
mean yd d real;Green growth;2048;25949,4192777618;282,23668957173
mean yd d real;Green growth;2049;26119,2456256444;302,374750739624
mean yd d real;Green growth;2050;26316,1730448488;309,779055500694
mean yd hhs real;Baseline;2010;43338,4044522001;0,0
mean yd hhs real;Baseline;2011;43413,0070398575;17,5541328712134
mean yd hhs real;Baseline;2012;43337,839633728;56,3341986065534
mean yd hhs real;Baseline;2013;43591,3429497435;66,7925695333106
mean yd hhs real;Baseline;2014;43832,1236025945;80,7986229947019
mean yd hhs real;Baseline;2015;44222,2047461453;93,3425346885124
mean yd hhs real;Baseline;2016;44580,2237664232;98,2383295275831
mean yd hhs real;Baseline;2017;44933,6680260368;109,800827764411
mean yd hhs real;Baseline;2018;45057,1585630561;131,260509181509
mean yd hhs real;Baseline;2019;45048,7513298071;138,394334891182
mean yd hhs real;Baseline;2020;42591,8962727343;162,221478619824
mean yd hhs real;Baseline;2021;44687,7502820976;202,919499211457
mean yd hhs real;Baseline;2022;46601,7145464172;219,485177585517
mean yd hhs real;Baseline;2023;47415,3144816768;256,490084220131
mean yd hhs real;Baseline;2024;47560,6531168808;257,372869938415
mean yd hhs real;Baseline;2025;47701,5572675074;259,931912091135
mean yd hhs real;Baseline;2026;47975,9633200278;263,5438439057
mean yd hhs real;Baseline;2027;47664,5987133403;277,188871971044
mean yd hhs real;Baseline;2028;47822,4945003578;276,571396891915
mean yd hhs real;Baseline;2029;48115,5624438139;280,793402401356
mean yd hhs real;Baseline;2030;48412,8280184898;295,471137934954
mean yd hhs real;Baseline;2031;48677,8118614411;303,690691538632
mean yd hhs real;Baseline;2032;48967,2238296669;324,912640877417
mean yd hhs real;Baseline;2033;49228,851370213;356,892589807354
mean yd hhs real;Baseline;2034;49508,2016686509;348,42191900772
mean yd hhs real;Baseline;2035;49888,3932174102;376,050447215603
mean yd hhs real;Baseline;2036;50185,4674659876;414,826126078824
mean yd hhs real;Baseline;2037;50433,6446335433;425,908982723351
mean yd hhs real;Baseline;2038;50719,314295943;430,122438396826
mean yd hhs real;Baseline;2039;51053,7129943971;455,543200686687
mean yd hhs real;Baseline;2040;51393,5591815154;460,976220447417
mean yd hhs real;Baseline;2041;51791,362405909;489,069012648339
mean yd hhs real;Baseline;2042;52149,2637163402;513,935029019718
mean yd hhs real;Baseline;2043;52459,2245764761;527,820867846003
mean yd hhs real;Baseline;2044;52799,8162437765;554,771148674827
mean yd hhs real;Baseline;2045;53138,1757195492;582,758043867747
mean yd hhs real;Baseline;2046;53464,7949521698;615,570222302238
mean yd hhs real;Baseline;2047;53867,6338525307;629,565911435275
mean yd hhs real;Baseline;2048;54243,5826455014;625,389315081924
mean yd hhs real;Baseline;2049;54609,0977072858;645,129253741543
mean yd hhs real;Baseline;2050;54977,1424853342;656,518038698759
mean yd hhs real;Degrowth;2010;43338,4044522001;0,0
mean yd hhs real;Degrowth;2011;43413,0070398575;17,5541328712134
mean yd hhs real;Degrowth;2012;43337,839633728;56,3341986065534
mean yd hhs real;Degrowth;2013;43591,3429497435;66,7925695333106
mean yd hhs real;Degrowth;2014;43832,1236025945;80,7986229947019
mean yd hhs real;Degrowth;2015;44222,2047461453;93,3425346885124
mean yd hhs real;Degrowth;2016;44580,2237664232;98,2383295275831
mean yd hhs real;Degrowth;2017;44933,6680260368;109,800827764411
mean yd hhs real;Degrowth;2018;45057,1585630561;131,260509181509
mean yd hhs real;Degrowth;2019;45048,7513298071;138,394334891182
mean yd hhs real;Degrowth;2020;42591,8962727343;162,221478619824
mean yd hhs real;Degrowth;2021;44687,7502820976;202,919499211457
mean yd hhs real;Degrowth;2022;46601,7145464172;219,485177585517
mean yd hhs real;Degrowth;2023;47415,3144816768;256,490084220131
mean yd hhs real;Degrowth;2024;47560,6531168808;257,372869938415
mean yd hhs real;Degrowth;2025;47701,5572675074;259,931912091135
mean yd hhs real;Degrowth;2026;47829,7332338542;264,308205539477
mean yd hhs real;Degrowth;2027;47344,4225509103;274,213056431472
mean yd hhs real;Degrowth;2028;47338,9508279884;274,554273761914
mean yd hhs real;Degrowth;2029;47451,0058156702;275,651480169705
mean yd hhs real;Degrowth;2030;47512,4687014768;287,390498003024
mean yd hhs real;Degrowth;2031;47548,7277126994;295,138280162097
mean yd hhs real;Degrowth;2032;47615,3367640638;312,641890750754
mean yd hhs real;Degrowth;2033;47643,418568802;334,746619632093
mean yd hhs real;Degrowth;2034;47685,7887351214;337,24268221208
mean yd hhs real;Degrowth;2035;47858,0838751157;357,297856287198
mean yd hhs real;Degrowth;2036;47894,6894854094;375,644769994222
mean yd hhs real;Degrowth;2037;47903,3893432644;381,838949673798
mean yd hhs real;Degrowth;2038;47929,8713738779;363,94768697926
mean yd hhs real;Degrowth;2039;47987,3711208345;331,497642162591
mean yd hhs real;Degrowth;2040;47939,974564222;306,3624324597
mean yd hhs real;Degrowth;2041;47901,1978035408;287,540308185126
mean yd hhs real;Degrowth;2042;47788,2079823199;290,40237208753
mean yd hhs real;Degrowth;2043;47622,3935120843;291,361282534217
mean yd hhs real;Degrowth;2044;47446,9284352994;306,998131965236
mean yd hhs real;Degrowth;2045;47222,5113778163;318,90089671257
mean yd hhs real;Degrowth;2046;46964,509879431;323,914396663284
mean yd hhs real;Degrowth;2047;46814,8111782283;338,842607783467
mean yd hhs real;Degrowth;2048;46607,8685727271;371,901509576757
mean yd hhs real;Degrowth;2049;46357,5220249222;371,679979833734
mean yd hhs real;Degrowth;2050;46113,6418812151;344,435374370918
mean yd hhs real;Green growth;2010;43338,4044522001;0,0
mean yd hhs real;Green growth;2011;43413,0070398575;17,5541328712134
mean yd hhs real;Green growth;2012;43337,839633728;56,3341986065534
mean yd hhs real;Green growth;2013;43591,3429497435;66,7925695333106
mean yd hhs real;Green growth;2014;43832,1236025945;80,7986229947019
mean yd hhs real;Green growth;2015;44222,2047461453;93,3425346885124
mean yd hhs real;Green growth;2016;44580,2237664232;98,2383295275831
mean yd hhs real;Green growth;2017;44933,6680260368;109,800827764411
mean yd hhs real;Green growth;2018;45057,1585630561;131,260509181509
mean yd hhs real;Green growth;2019;45048,7513298071;138,394334891182
mean yd hhs real;Green growth;2020;42591,8962727343;162,221478619824
mean yd hhs real;Green growth;2021;44687,7502820976;202,919499211457
mean yd hhs real;Green growth;2022;46601,7145464172;219,485177585517
mean yd hhs real;Green growth;2023;47415,3144816768;256,490084220131
mean yd hhs real;Green growth;2024;47560,6531168808;257,372869938415
mean yd hhs real;Green growth;2025;47783,410496961;265,154239583793
mean yd hhs real;Green growth;2026;48031,8937879884;260,589405106399
mean yd hhs real;Green growth;2027;47711,4713766385;276,63031033691
mean yd hhs real;Green growth;2028;47881,7669380785;276,656804616796
mean yd hhs real;Green growth;2029;48183,1892293276;287,665123894847
mean yd hhs real;Green growth;2030;48511,6521931888;292,166383032087
mean yd hhs real;Green growth;2031;48802,2941703129;300,013565782891
mean yd hhs real;Green growth;2032;49139,7145218459;334,633543217307
mean yd hhs real;Green growth;2033;49452,6193623035;358,49823840176
mean yd hhs real;Green growth;2034;49818,4977493489;356,740214908215
mean yd hhs real;Green growth;2035;50337,0603926617;381,097605929186
mean yd hhs real;Green growth;2036;50739,5529427635;411,412579754051
mean yd hhs real;Green growth;2037;51139,7652952715;430,408301075535
mean yd hhs real;Green growth;2038;51513,5921501548;454,945090749217
mean yd hhs real;Green growth;2039;51947,9776578901;458,25473644599
mean yd hhs real;Green growth;2040;52334,4248501085;480,99415686166
mean yd hhs real;Green growth;2041;52759,6653904324;483,091980463429
mean yd hhs real;Green growth;2042;53137,5767568218;498,774137210101
mean yd hhs real;Green growth;2043;53507,3041346323;517,132661018746
mean yd hhs real;Green growth;2044;53847,4720957501;545,615435086842
mean yd hhs real;Green growth;2045;54196,6851733475;566,335776054955
mean yd hhs real;Green growth;2046;54582,8781109886;569,592063733744
mean yd hhs real;Green growth;2047;55027,9574395633;606,034806345207
mean yd hhs real;Green growth;2048;55449,6258281901;604,587992792432
mean yd hhs real;Green growth;2049;55810,5543033928;645,229908378573
mean yd hhs real;Green growth;2050;56235,3102208019;661,901835206878
mean yd real per capita;Baseline;2010;17570,5368354134;0,0
mean yd real per capita;Baseline;2011;17499,1395076367;7,07581070730339
mean yd real per capita;Baseline;2012;17495,6839252023;22,7394336709713
mean yd real per capita;Baseline;2013;17619,6924357618;26,9907976148825
mean yd real per capita;Baseline;2014;17739,9128922029;32,7055269180382
mean yd real per capita;Baseline;2015;17914,0865466529;37,8117385573441
mean yd real per capita;Baseline;2016;18065,9745057022;39,7932409890727
mean yd real per capita;Baseline;2017;18210,3459746739;44,4733697191405
mean yd real per capita;Baseline;2018;18251,1131948139;53,1646769267245
mean yd real per capita;Baseline;2019;18255,5546155016;56,0216980980076
mean yd real per capita;Baseline;2020;17269,7087086537;65,7515952280373
mean yd real per capita;Baseline;2021;18170,8488261349;82,4553877770468
mean yd real per capita;Baseline;2022;18915,4984661197;89,0091179069605
mean yd real per capita;Baseline;2023;19172,4327326764;103,733519467538
mean yd real per capita;Baseline;2024;19267,864824642;104,275758856395
mean yd real per capita;Baseline;2025;19335,1573603051;105,387913024952
mean yd real per capita;Baseline;2026;19444,7965509999;106,813796419174
mean yd real per capita;Baseline;2027;19316,3211513749;112,352832456703
mean yd real per capita;Baseline;2028;19378,4379400882;112,113292661621
mean yd real per capita;Baseline;2029;19497,6204084552;113,762904772742
mean yd real per capita;Baseline;2030;19617,9563782204;119,701518529064
mean yd real per capita;Baseline;2031;19727,2102417922;123,053716557144
mean yd real per capita;Baseline;2032;19845,9733920203;131,65895719233
mean yd real per capita;Baseline;2033;19953,6069222004;144,679582205475
mean yd real per capita;Baseline;2034;20068,1085439932;141,238945665707
mean yd real per capita;Baseline;2035;20221,0755596337;152,393725036256
mean yd real per capita;Baseline;2036;20343,4612992291;168,194894810044
mean yd real per capita;Baseline;2037;20445,3951257023;172,666079846829
mean yd real per capita;Baseline;2038;20562,83078872;174,392842667407
mean yd real per capita;Baseline;2039;20700,0040055762;184,687588947803
mean yd real per capita;Baseline;2040;20839,1578818253;186,935374533818
mean yd real per capita;Baseline;2041;21003,0340231429;198,328378087952
mean yd real per capita;Baseline;2042;21150,8756033708;208,428757025842
mean yd real per capita;Baseline;2043;21279,1055592953;214,149368214825
mean yd real per capita;Baseline;2044;21419,4763574578;225,059300589262
mean yd real per capita;Baseline;2045;21559,3966025698;236,442006801815
mean yd real per capita;Baseline;2046;21693,8546345689;249,733334873996
mean yd real per capita;Baseline;2047;21859,235821671;255,477911473972
mean yd real per capita;Baseline;2048;22013,1087844391;253,806724671087
mean yd real per capita;Baseline;2049;22163,1902079823;261,886372190505
mean yd real per capita;Baseline;2050;22314,0656831959;266,490259071243
mean yd real per capita;Degrowth;2010;17570,5368354134;0,0
mean yd real per capita;Degrowth;2011;17499,1395076367;7,07581070730339
mean yd real per capita;Degrowth;2012;17495,6839252023;22,7394336709713
mean yd real per capita;Degrowth;2013;17619,6924357618;26,9907976148825
mean yd real per capita;Degrowth;2014;17739,9128922029;32,7055269180382
mean yd real per capita;Degrowth;2015;17914,0865466529;37,8117385573441
mean yd real per capita;Degrowth;2016;18065,9745057022;39,7932409890727
mean yd real per capita;Degrowth;2017;18210,3459746739;44,4733697191405
mean yd real per capita;Degrowth;2018;18251,1131948139;53,1646769267245
mean yd real per capita;Degrowth;2019;18255,5546155016;56,0216980980076
mean yd real per capita;Degrowth;2020;17269,7087086537;65,7515952280373
mean yd real per capita;Degrowth;2021;18170,8488261349;82,4553877770468
mean yd real per capita;Degrowth;2022;18915,4984661197;89,0091179069605
mean yd real per capita;Degrowth;2023;19172,4327326764;103,733519467538
mean yd real per capita;Degrowth;2024;19267,864824642;104,275758856395
mean yd real per capita;Degrowth;2025;19335,1573603051;105,387913024952
mean yd real per capita;Degrowth;2026;19385,529182983;107,107299090598
mean yd real per capita;Degrowth;2027;19186,5866639421;111,143263676517
mean yd real per capita;Degrowth;2028;19182,4999125308;111,264068972483
mean yd real per capita;Degrowth;2029;19228,2787887584;111,70316818032
mean yd real per capita;Degrowth;2030;19253,1479171955;116,486129035839
mean yd real per capita;Degrowth;2031;19269,6281920632;119,577047666531
mean yd real per capita;Degrowth;2032;19298,0268187856;126,738635317795
mean yd real per capita;Degrowth;2033;19310,9424084502;135,684535369275
mean yd real per capita;Degrowth;2034;19329,3373324582;136,705127580888
mean yd real per capita;Degrowth;2035;19398,0949081542;144,824184406627
mean yd real per capita;Degrowth;2036;19414,8841505142;152,295700677922
mean yd real per capita;Degrowth;2037;19419,6111015061;154,809842836388
mean yd real per capita;Degrowth;2038;19431,902556782;147,608444476942
mean yd real per capita;Degrowth;2039;19456,7084575277;134,398565820438
mean yd real per capita;Degrowth;2040;19438,7041696593;124,251587396626
mean yd real per capita;Degrowth;2041;19425,4054030041;116,644081210594
mean yd real per capita;Degrowth;2042;19382,0129823043;117,770717186177
mean yd real per capita;Degrowth;2043;19317,0011252434;118,194389245726
mean yd real per capita;Degrowth;2044;19247,8564150882;124,593635146039
mean yd real per capita;Degrowth;2045;19159,0648054192;129,386375053273
mean yd real per capita;Degrowth;2046;19056,2030152713;131,430431916007
mean yd real per capita;Degrowth;2047;18996,9303054483;137,534081704036
mean yd real per capita;Degrowth;2048;18914,0724510859;150,94750576259
mean yd real per capita;Degrowth;2049;18814,1503013291;150,86616349926
mean yd real per capita;Degrowth;2050;18716,2865951922;139,790328397055
mean yd real per capita;Green growth;2010;17570,5368354134;0,0
mean yd real per capita;Green growth;2011;17499,1395076367;7,07581070730339
mean yd real per capita;Green growth;2012;17495,6839252023;22,7394336709713
mean yd real per capita;Green growth;2013;17619,6924357618;26,9907976148825
mean yd real per capita;Green growth;2014;17739,9128922029;32,7055269180382
mean yd real per capita;Green growth;2015;17914,0865466529;37,8117385573441
mean yd real per capita;Green growth;2016;18065,9745057022;39,7932409890727
mean yd real per capita;Green growth;2017;18210,3459746739;44,4733697191405
mean yd real per capita;Green growth;2018;18251,1131948139;53,1646769267245
mean yd real per capita;Green growth;2019;18255,5546155016;56,0216980980076
mean yd real per capita;Green growth;2020;17269,7087086537;65,7515952280373
mean yd real per capita;Green growth;2021;18170,8488261349;82,4553877770468
mean yd real per capita;Green growth;2022;18915,4984661197;89,0091179069605
mean yd real per capita;Green growth;2023;19172,4327326764;103,733519467538
mean yd real per capita;Green growth;2024;19267,864824642;104,275758856395
mean yd real per capita;Green growth;2025;19368,4303598458;107,45987800176
mean yd real per capita;Green growth;2026;19467,4725594136;105,62026027498
mean yd real per capita;Green growth;2027;19335,3193597253;112,097588866904
mean yd real per capita;Green growth;2028;19402,405273522;112,102149793556
mean yd real per capita;Green growth;2029;19525,0278631094;116,609285979528
mean yd real per capita;Green growth;2030;19657,9853927812;118,390854446307
mean yd real per capita;Green growth;2031;19777,7016658631;121,585403182129
mean yd real per capita;Green growth;2032;19915,8869054877;135,602157214755
mean yd real per capita;Green growth;2033;20044,3850776877;145,304241206593
mean yd real per capita;Green growth;2034;20193,860062885;144,638593946176
mean yd real per capita;Green growth;2035;20402,933164867;154,46255093441
mean yd real per capita;Green growth;2036;20568,190194593;166,77863679306
mean yd real per capita;Green growth;2037;20731,6877101003;174,501805043763
mean yd real per capita;Green growth;2038;20884,8550067603;184,439702597854
mean yd real per capita;Green growth;2039;21062,6662409579;185,748168744894
mean yd real per capita;Green growth;2040;21220,6486269754;195,056952366089
mean yd real per capita;Green growth;2041;21395,7065558089;195,915578688269
mean yd real per capita;Green growth;2042;21551,8158849591;202,321555201826
mean yd real per capita;Green growth;2043;21704,2472763858;209,783347677274
mean yd real per capita;Green growth;2044;21844,5000914679;221,334666392697
mean yd real per capita;Green growth;2045;21988,9059011306;229,77361902932
mean yd real per capita;Green growth;2046;22147,5530117831;231,16019097989
mean yd real per capita;Green growth;2047;22330,0297487936;245,926952364625
mean yd real per capita;Green growth;2048;22502,4647769248;245,365251302586
mean yd real per capita;Green growth;2049;22650,897479565;261,915178303283
mean yd real per capita;Green growth;2050;22824,7566647247;268,679658062787
Population total;Baseline;2010;59690316,0;0,0
Population total;Baseline;2011;60037025,2922548;0,0
Population total;Baseline;2012;60292850,6793423;0,0
Population total;Baseline;2013;60475015,5556574;0,0
Population total;Baseline;2014;60579417,6313607;0,0
Population total;Baseline;2015;60628727,8456266;0,0
Population total;Baseline;2016;60655201,0407786;0,0
Population total;Baseline;2017;60677985,1843448;0,0
Population total;Baseline;2018;60731435,4385438;0,0
Population total;Baseline;2019;60759074,8286606;0,0
Population total;Baseline;2020;60752508,8176375;0,0
Population total;Baseline;2021;60574162,3247346;0,0
Population total;Baseline;2022;60503790,5706483;0,0
Population total;Baseline;2023;60664855,885103;0,0
Population total;Baseline;2024;60710792,3086998;0,0
Population total;Baseline;2025;60724479,5367646;0,0
Population total;Baseline;2026;60743537,8884619;0,0
Population total;Baseline;2027;60769721,1722195;0,0
Population total;Baseline;2028;60801956,8886828;0,0
Population total;Baseline;2029;60832945,5443779;0,0
Population total;Baseline;2030;60864276,3993573;0,0
Population total;Baseline;2031;60889923,7288371;0,0
Population total;Baseline;2032;60911265,1649138;0,0
Population total;Baseline;2033;60927692,5832446;0,0
Population total;Baseline;2034;60940469,5682816;0,0
Population total;Baseline;2035;60956662,2588579;0,0
Population total;Baseline;2036;60966850,3868608;0,0
Population total;Baseline;2037;60973427,6010298;0,0
Population total;Baseline;2038;60975226,3984368;0,0
Population total;Baseline;2039;60972248,1409377;0,0
Population total;Baseline;2040;60965598,442133;0,0
Population total;Baseline;2041;60951576,4169908;0,0
Population total;Baseline;2042;60929844,8548603;0,0
Population total;Baseline;2043;60901033,5195994;0,0
Population total;Baseline;2044;60866160,1001679;0,0
Population total;Baseline;2045;60824046,6038815;0,0
Population total;Baseline;2046;60776493,6276818;0,0
Population total;Baseline;2047;60724089,5167921;0,0
Population total;Baseline;2048;60668343,4598353;0,0
Population total;Baseline;2049;60607548,3248997;0,0
Population total;Baseline;2050;60543023,4084113;0,0
Population total;Degrowth;2010;59690316,0;0,0
Population total;Degrowth;2011;60037025,2922548;0,0
Population total;Degrowth;2012;60292850,6793423;0,0
Population total;Degrowth;2013;60475015,5556574;0,0
Population total;Degrowth;2014;60579417,6313607;0,0
Population total;Degrowth;2015;60628727,8456266;0,0
Population total;Degrowth;2016;60655201,0407786;0,0
Population total;Degrowth;2017;60677985,1843448;0,0
Population total;Degrowth;2018;60731435,4385438;0,0
Population total;Degrowth;2019;60759074,8286606;0,0
Population total;Degrowth;2020;60752508,8176375;0,0
Population total;Degrowth;2021;60574162,3247346;0,0
Population total;Degrowth;2022;60503790,5706483;0,0
Population total;Degrowth;2023;60664855,885103;0,0
Population total;Degrowth;2024;60710792,3086998;0,0
Population total;Degrowth;2025;60724479,5367646;0,0
Population total;Degrowth;2026;60743537,8884619;0,0
Population total;Degrowth;2027;60769721,1722195;0,0
Population total;Degrowth;2028;60801956,8886828;0,0
Population total;Degrowth;2029;60832945,5443779;0,0
Population total;Degrowth;2030;60864276,3993573;0,0
Population total;Degrowth;2031;60889923,7288371;0,0
Population total;Degrowth;2032;60911265,1649138;0,0
Population total;Degrowth;2033;60927692,5832446;0,0
Population total;Degrowth;2034;60940469,5682816;0,0
Population total;Degrowth;2035;60956662,2588579;0,0
Population total;Degrowth;2036;60966850,3868608;0,0
Population total;Degrowth;2037;60973427,6010298;0,0
Population total;Degrowth;2038;60975226,3984368;0,0
Population total;Degrowth;2039;60972248,1409377;0,0
Population total;Degrowth;2040;60965598,442133;0,0
Population total;Degrowth;2041;60951576,4169908;0,0
Population total;Degrowth;2042;60929844,8548603;0,0
Population total;Degrowth;2043;60901033,5195994;0,0
Population total;Degrowth;2044;60866160,1001679;0,0
Population total;Degrowth;2045;60824046,6038815;0,0
Population total;Degrowth;2046;60776493,6276818;0,0
Population total;Degrowth;2047;60724089,5167921;0,0
Population total;Degrowth;2048;60668343,4598353;0,0
Population total;Degrowth;2049;60607548,3248997;0,0
Population total;Degrowth;2050;60543023,4084113;0,0
Population total;Green growth;2010;59690316,0;0,0
Population total;Green growth;2011;60037025,2922548;0,0
Population total;Green growth;2012;60292850,6793423;0,0
Population total;Green growth;2013;60475015,5556574;0,0
Population total;Green growth;2014;60579417,6313607;0,0
Population total;Green growth;2015;60628727,8456266;0,0
Population total;Green growth;2016;60655201,0407786;0,0
Population total;Green growth;2017;60677985,1843448;0,0
Population total;Green growth;2018;60731435,4385438;0,0
Population total;Green growth;2019;60759074,8286606;0,0
Population total;Green growth;2020;60752508,8176375;0,0
Population total;Green growth;2021;60574162,3247346;0,0
Population total;Green growth;2022;60503790,5706483;0,0
Population total;Green growth;2023;60664855,885103;0,0
Population total;Green growth;2024;60710792,3086998;0,0
Population total;Green growth;2025;60724479,5367646;0,0
Population total;Green growth;2026;60743537,8884619;0,0
Population total;Green growth;2027;60769721,1722195;0,0
Population total;Green growth;2028;60801956,8886828;0,0
Population total;Green growth;2029;60832945,5443779;0,0
Population total;Green growth;2030;60864276,3993573;0,0
Population total;Green growth;2031;60889923,7288371;0,0
Population total;Green growth;2032;60911265,1649138;0,0
Population total;Green growth;2033;60927692,5832446;0,0
Population total;Green growth;2034;60940469,5682816;0,0
Population total;Green growth;2035;60956662,2588579;0,0
Population total;Green growth;2036;60966850,3868608;0,0
Population total;Green growth;2037;60973427,6010298;0,0
Population total;Green growth;2038;60975226,3984368;0,0
Population total;Green growth;2039;60972248,1409377;0,0
Population total;Green growth;2040;60965598,442133;0,0
Population total;Green growth;2041;60951576,4169908;0,0
Population total;Green growth;2042;60929844,8548603;0,0
Population total;Green growth;2043;60901033,5195994;0,0
Population total;Green growth;2044;60866160,1001679;0,0
Population total;Green growth;2045;60824046,6038815;0,0
Population total;Green growth;2046;60776493,6276818;0,0
Population total;Green growth;2047;60724089,5167921;0,0
Population total;Green growth;2048;60668343,4598353;0,0
Population total;Green growth;2049;60607548,3248997;0,0
Population total;Green growth;2050;60543023,4084113;0,0
Total emissions;Baseline;2010;385297136,164898;0,0
Total emissions;Baseline;2011;376903587,167497;1482621,93018046
Total emissions;Baseline;2012;372858029,020365;2023231,52964807
Total emissions;Baseline;2013;367974864,456959;2612023,15376484
Total emissions;Baseline;2014;356904668,613379;2758478,73774067
Total emissions;Baseline;2015;354464755,738711;3273559,78542244
Total emissions;Baseline;2016;358279683,452848;3728509,22247544
Total emissions;Baseline;2017;353223972,385332;4437045,14577097
Total emissions;Baseline;2018;349628961,740296;4582867,27175349
Total emissions;Baseline;2019;338976579,874082;4593866,90045932
Total emissions;Baseline;2020;296025344,569327;4508765,27203292
Total emissions;Baseline;2021;319650757,204766;5012746,41269395
Total emissions;Baseline;2022;329115669,777358;5746633,56741235
Total emissions;Baseline;2023;330955566,823942;6037314,24152049
Total emissions;Baseline;2024;324762786,84591;5854492,4747957
Total emissions;Baseline;2025;315738249,067813;6165632,85774019
Total emissions;Baseline;2026;309684968,176175;6383358,92640322
Total emissions;Baseline;2027;303011496,230065;6860340,04849181
Total emissions;Baseline;2028;299086583,30521;6284757,68106011
Total emissions;Baseline;2029;295371524,380237;6929237,18196607
Total emissions;Baseline;2030;292312378,265117;7098058,48651102
Total emissions;Baseline;2031;289528893,331424;7423496,31082487
Total emissions;Baseline;2032;287002513,73201;7284554,18232834
Total emissions;Baseline;2033;283819384,990217;7076725,94492111
Total emissions;Baseline;2034;281667355,836217;7275671,08986688
Total emissions;Baseline;2035;280614208,185985;7697552,59734172
Total emissions;Baseline;2036;278314623,821689;7583294,35699371
Total emissions;Baseline;2037;275884506,84323;7728413,38298696
Total emissions;Baseline;2038;273139478,67644;7540838,10246351
Total emissions;Baseline;2039;270436696,026943;7848534,56991789
Total emissions;Baseline;2040;268724334,626931;7807020,24001493
Total emissions;Baseline;2041;267099057,351223;8261300,80803914
Total emissions;Baseline;2042;265991950,780522;8427460,45348901
Total emissions;Baseline;2043;264384214,716713;8013554,43722621
Total emissions;Baseline;2044;262366464,712701;8173731,45366547
Total emissions;Baseline;2045;260160150,754647;8229628,79537672
Total emissions;Baseline;2046;257850243,682479;8415278,64354426
Total emissions;Baseline;2047;256272769,475204;8823343,69596912
Total emissions;Baseline;2048;254819769,053887;8647723,35592827
Total emissions;Baseline;2049;252719687,055824;8443678,29560645
Total emissions;Baseline;2050;250081857,951003;8307675,08233012
Total emissions;Degrowth;2010;385297136,164898;0,0
Total emissions;Degrowth;2011;376903587,167497;1482621,93018046
Total emissions;Degrowth;2012;372858029,020365;2023231,52964807
Total emissions;Degrowth;2013;367974864,456959;2612023,15376484
Total emissions;Degrowth;2014;356904668,613379;2758478,73774067
Total emissions;Degrowth;2015;354464755,738711;3273559,78542244
Total emissions;Degrowth;2016;358279683,452848;3728509,22247544
Total emissions;Degrowth;2017;353223972,385332;4437045,14577097
Total emissions;Degrowth;2018;349628961,740296;4582867,27175349
Total emissions;Degrowth;2019;338976579,874082;4593866,90045932
Total emissions;Degrowth;2020;296025344,569327;4508765,27203292
Total emissions;Degrowth;2021;319650757,204766;5012746,41269395
Total emissions;Degrowth;2022;329115669,777358;5746633,56741235
Total emissions;Degrowth;2023;330955566,823942;6037314,24152049
Total emissions;Degrowth;2024;324762786,84591;5854492,4747957
Total emissions;Degrowth;2025;315738249,067813;6165632,85774019
Total emissions;Degrowth;2026;307859612,884095;6360934,54303929
Total emissions;Degrowth;2027;298777980,743344;6789750,82441619
Total emissions;Degrowth;2028;292461973,594459;6279436,1997923
Total emissions;Degrowth;2029;286655383,707875;6719295,2353102
Total emissions;Degrowth;2030;280496415,853164;6863311,01846179
Total emissions;Degrowth;2031;274793401,94874;7177165,19025953
Total emissions;Degrowth;2032;269833693,126031;6874948,78328216
Total emissions;Degrowth;2033;264705358,403975;6826759,48531961
Total emissions;Degrowth;2034;260353723,58815;7068780,60450193
Total emissions;Degrowth;2035;257392016,398014;7160472,12241706
Total emissions;Degrowth;2036;253060413,056211;7216693,745565
Total emissions;Degrowth;2037;248600603,051834;7133070,07720022
Total emissions;Degrowth;2038;243575451,061145;7122808,33895211
Total emissions;Degrowth;2039;239425149,213916;7057440,44778802
Total emissions;Degrowth;2040;235385635,627724;7218795,66139415
Total emissions;Degrowth;2041;231776569,790608;7477054,31934729
Total emissions;Degrowth;2042;228456776,854535;7665255,00080815
Total emissions;Degrowth;2043;223946997,977532;7488772,64245498
Total emissions;Degrowth;2044;219776795,017178;7302386,25390357
Total emissions;Degrowth;2045;215302775,828452;7112801,02541938
Total emissions;Degrowth;2046;210951138,177296;7176154,83465603
Total emissions;Degrowth;2047;206931050,990207;7330704,98851541
Total emissions;Degrowth;2048;203274431,449262;7307179,89316128
Total emissions;Degrowth;2049;199566205,020243;7440553,05660982
Total emissions;Degrowth;2050;194904768,679933;7009002,29049243
Total emissions;Green growth;2010;385297136,164898;0,0
Total emissions;Green growth;2011;376903587,167497;1482621,93018046
Total emissions;Green growth;2012;372858029,020365;2023231,52964807
Total emissions;Green growth;2013;367974864,456959;2612023,15376484
Total emissions;Green growth;2014;356904668,613379;2758478,73774067
Total emissions;Green growth;2015;354464755,738711;3273559,78542244
Total emissions;Green growth;2016;358279683,452848;3728509,22247544
Total emissions;Green growth;2017;353223972,385332;4437045,14577097
Total emissions;Green growth;2018;349628961,740296;4582867,27175349
Total emissions;Green growth;2019;338976579,874082;4593866,90045932
Total emissions;Green growth;2020;296025344,569327;4508765,27203292
Total emissions;Green growth;2021;319650757,204766;5012746,41269395
Total emissions;Green growth;2022;329115669,777358;5746633,56741235
Total emissions;Green growth;2023;330955566,823942;6037314,24152049
Total emissions;Green growth;2024;324762786,84591;5854492,4747957
Total emissions;Green growth;2025;316499700,030866;6132920,5289889
Total emissions;Green growth;2026;309617016,870588;6447205,68505302
Total emissions;Green growth;2027;302017839,3299;6785861,7619029
Total emissions;Green growth;2028;297216508,700165;6230740,12934154
Total emissions;Green growth;2029;292631709,004819;6868544,44414914
Total emissions;Green growth;2030;288718188,71445;7025142,74013054
Total emissions;Green growth;2031;283826704,414747;7335293,19020137
Total emissions;Green growth;2032;278790418,801732;7196741,83119559
Total emissions;Green growth;2033;272037683,583322;6806845,72916818
Total emissions;Green growth;2034;264902625,769525;7022763,45117512
Total emissions;Green growth;2035;257705660,943107;6868314,7563336
Total emissions;Green growth;2036;247487543,190524;6311969,06032778
Total emissions;Green growth;2037;235882244,937863;6520928,90041244
Total emissions;Green growth;2038;222610531,573993;6070266,51261686
Total emissions;Green growth;2039;209030641,713559;5745449,02681804
Total emissions;Green growth;2040;196960769,989346;5627294,23190077
Total emissions;Green growth;2041;186277103,607199;5850420,62009305
Total emissions;Green growth;2042;177383304,304549;5859710,75180764
Total emissions;Green growth;2043;170269202,928497;5449560,95534699
Total emissions;Green growth;2044;164607185,373439;5303699,21663979
Total emissions;Green growth;2045;159621078,660511;5373065,31822029
Total emissions;Green growth;2046;156069387,373348;5480125,2580127
Total emissions;Green growth;2047;153809011,086419;5809680,25994405
Total emissions;Green growth;2048;152005369,63535;5792805,28069058
Total emissions;Green growth;2049;150007237,852847;5762323,91897979
Total emissions;Green growth;2050;147412996,032272;5558408,31477566
yd hh gini;Baseline;2010;0,278415617823128;0,0
yd hh gini;Baseline;2011;0,281003205021918;0,0004860472638885
yd hh gini;Baseline;2012;0,28297071663301;0,0004290341668913
yd hh gini;Baseline;2013;0,283707316229912;0,0004940721391734
yd hh gini;Baseline;2014;0,282978621165605;0,0005553119738214
yd hh gini;Baseline;2015;0,281663768445081;0,0005417365369209
yd hh gini;Baseline;2016;0,279647998282877;0,0006793448443052
yd hh gini;Baseline;2017;0,27798297137186;0,0006638629283519
yd hh gini;Baseline;2018;0,27684861659509;0,0007545389159825
yd hh gini;Baseline;2019;0,275020303730621;0,0007405508326698
yd hh gini;Baseline;2020;0,277166699125863;0,0007468300403007
yd hh gini;Baseline;2021;0,271907116677183;0,0008023242830871
yd hh gini;Baseline;2022;0,267396168934908;0,0009986666131156
yd hh gini;Baseline;2023;0,264141266479628;0,0009994430366582
yd hh gini;Baseline;2024;0,263358961305757;0,0009855834976253
yd hh gini;Baseline;2025;0,262693331171666;0,0010862183570782
yd hh gini;Baseline;2026;0,262310003483148;0,0010392462819325
yd hh gini;Baseline;2027;0,263833518996062;0,0010227333919854
yd hh gini;Baseline;2028;0,264267059787396;0,0009423291129813
yd hh gini;Baseline;2029;0,263819430849948;0,0010656489216457
yd hh gini;Baseline;2030;0,262972171609555;0,0010676422143927
yd hh gini;Baseline;2031;0,262638278569368;0,0010764786079384
yd hh gini;Baseline;2032;0,262260052600719;0,0011065384505847
yd hh gini;Baseline;2033;0,261858286574203;0,0012506018799056
yd hh gini;Baseline;2034;0,26132240717741;0,0012282934223909
yd hh gini;Baseline;2035;0,259937095135203;0,0012744466683271
yd hh gini;Baseline;2036;0,259923598181068;0,0012773696118089
yd hh gini;Baseline;2037;0,260017709514922;0,0013419197614216
yd hh gini;Baseline;2038;0,260129531271752;0,0012641462935563
yd hh gini;Baseline;2039;0,259929135149822;0,0012766338304845
yd hh gini;Baseline;2040;0,259834310368054;0,0012373393062961
yd hh gini;Baseline;2041;0,259367312166723;0,0012705874251206
yd hh gini;Baseline;2042;0,259020764641968;0,0013567585259982
yd hh gini;Baseline;2043;0,259103708692077;0,0013317759127891
yd hh gini;Baseline;2044;0,258877839318185;0,0014272224575492
yd hh gini;Baseline;2045;0,258846474365094;0,0013314383610477
yd hh gini;Baseline;2046;0,259107536730355;0,001401569615088
yd hh gini;Baseline;2047;0,258586744171164;0,0013098650633478
yd hh gini;Baseline;2048;0,25847315356098;0,0014122014608129
yd hh gini;Baseline;2049;0,258560162755509;0,0013444162047956
yd hh gini;Baseline;2050;0,259104748629361;0,0013635205317944
yd hh gini;Degrowth;2010;0,278415617823128;0,0
yd hh gini;Degrowth;2011;0,281003205021918;0,0004860472638885
yd hh gini;Degrowth;2012;0,28297071663301;0,0004290341668913
yd hh gini;Degrowth;2013;0,283707316229912;0,0004940721391734
yd hh gini;Degrowth;2014;0,282978621165605;0,0005553119738214
yd hh gini;Degrowth;2015;0,281663768445081;0,0005417365369209
yd hh gini;Degrowth;2016;0,279647998282877;0,0006793448443052
yd hh gini;Degrowth;2017;0,27798297137186;0,0006638629283519
yd hh gini;Degrowth;2018;0,27684861659509;0,0007545389159825
yd hh gini;Degrowth;2019;0,275020303730621;0,0007405508326698
yd hh gini;Degrowth;2020;0,277166699125863;0,0007468300403007
yd hh gini;Degrowth;2021;0,271907116677183;0,0008023242830871
yd hh gini;Degrowth;2022;0,267396168934908;0,0009986666131156
yd hh gini;Degrowth;2023;0,264141266479628;0,0009994430366582
yd hh gini;Degrowth;2024;0,263358961305757;0,0009855834976253
yd hh gini;Degrowth;2025;0,262693331171666;0,0010862183570782
yd hh gini;Degrowth;2026;0,262232202102801;0,0010566353643268
yd hh gini;Degrowth;2027;0,264040127837419;0,0010429112150714
yd hh gini;Degrowth;2028;0,264692260406998;0,0009370462075395
yd hh gini;Degrowth;2029;0,264520286830235;0,001065615083052
yd hh gini;Degrowth;2030;0,264583623390676;0,0010435915910674
yd hh gini;Degrowth;2031;0,264959954659231;0,0010437024614201
yd hh gini;Degrowth;2032;0,265159603900567;0,0010612065023443
yd hh gini;Degrowth;2033;0,265282830964115;0,0011670428058394
yd hh gini;Degrowth;2034;0,265155079057812;0,0011569869461302
yd hh gini;Degrowth;2035;0,264210316129025;0,0012009158909374
yd hh gini;Degrowth;2036;0,264762871127648;0,0011372547336103
yd hh gini;Degrowth;2037;0,265296363302496;0,0012081308958767
yd hh gini;Degrowth;2038;0,265946660646932;0,0011749857734651
yd hh gini;Degrowth;2039;0,265997641741274;0,0011919296694331
yd hh gini;Degrowth;2040;0,266017869901517;0,0011461326904276
yd hh gini;Degrowth;2041;0,265807298014261;0,0011725279378028
yd hh gini;Degrowth;2042;0,265530227323104;0,0012046649161782
yd hh gini;Degrowth;2043;0,265694610292222;0,0012213490488073
yd hh gini;Degrowth;2044;0,265538171242791;0,0011652458755282
yd hh gini;Degrowth;2045;0,265691987952945;0,0011193487454496
yd hh gini;Degrowth;2046;0,266012999084972;0,0011643926479742
yd hh gini;Degrowth;2047;0,265564771527672;0,001215682236246
yd hh gini;Degrowth;2048;0,265536834551136;0,0012557739786804
yd hh gini;Degrowth;2049;0,265832108668328;0,0012426656207915
yd hh gini;Degrowth;2050;0,266307569573611;0,0012415829590223
yd hh gini;Green growth;2010;0,278415617823128;0,0
yd hh gini;Green growth;2011;0,281003205021918;0,0004860472638885
yd hh gini;Green growth;2012;0,28297071663301;0,0004290341668913
yd hh gini;Green growth;2013;0,283707316229912;0,0004940721391734
yd hh gini;Green growth;2014;0,282978621165605;0,0005553119738214
yd hh gini;Green growth;2015;0,281663768445081;0,0005417365369209
yd hh gini;Green growth;2016;0,279647998282877;0,0006793448443052
yd hh gini;Green growth;2017;0,27798297137186;0,0006638629283519
yd hh gini;Green growth;2018;0,27684861659509;0,0007545389159825
yd hh gini;Green growth;2019;0,275020303730621;0,0007405508326698
yd hh gini;Green growth;2020;0,277166699125863;0,0007468300403007
yd hh gini;Green growth;2021;0,271907116677183;0,0008023242830871
yd hh gini;Green growth;2022;0,267396168934908;0,0009986666131156
yd hh gini;Green growth;2023;0,264141266479628;0,0009994430366582
yd hh gini;Green growth;2024;0,263358961305757;0,0009855834976253
yd hh gini;Green growth;2025;0,261910239306455;0,0010750287175248
yd hh gini;Green growth;2026;0,261943216079119;0,0010371560178383
yd hh gini;Green growth;2027;0,263542292240987;0,001028948227825
yd hh gini;Green growth;2028;0,264007868381079;0,0009369709561169
yd hh gini;Green growth;2029;0,263605635129566;0,0010588190192209
yd hh gini;Green growth;2030;0,262534473901012;0,0010487910052026
yd hh gini;Green growth;2031;0,26207533657287;0,0010855590787273
yd hh gini;Green growth;2032;0,261554709099719;0,001125061845212
yd hh gini;Green growth;2033;0,260978650166416;0,0012828985009626
yd hh gini;Green growth;2034;0,260081687520999;0,0012414239503441
yd hh gini;Green growth;2035;0,258339743842807;0,0012916052038148
yd hh gini;Green growth;2036;0,257757005521669;0,0012845483718829
yd hh gini;Green growth;2037;0,25730487663308;0,0013493230540626
yd hh gini;Green growth;2038;0,257201172683708;0,0013521836665589
yd hh gini;Green growth;2039;0,257019478462645;0,0013102627509586
yd hh gini;Green growth;2040;0,257154635615965;0,0012739249880523
yd hh gini;Green growth;2041;0,257123073845904;0,0012412779688325
yd hh gini;Green growth;2042;0,257251077621143;0,0013347044226691
yd hh gini;Green growth;2043;0,257565095498009;0,0013757193107925
yd hh gini;Green growth;2044;0,257624102628466;0,0013656119325325
yd hh gini;Green growth;2045;0,257734350122838;0,0013513783635106
yd hh gini;Green growth;2046;0,257537999536956;0,0013539100160127
yd hh gini;Green growth;2047;0,256828080812151;0,0014046069758111
yd hh gini;Green growth;2048;0,256331798697942;0,0013676946571724
yd hh gini;Green growth;2049;0,256078841079189;0,0013379188906756
yd hh gini;Green growth;2050;0,256279539963015;0,0013357846013805
yd national real per person;Baseline;2010;17570,5271089088;0,0
yd national real per person;Baseline;2011;17498,099934207;7,07812123694384
yd national real per person;Baseline;2012;17493,9748114384;22,4101452252908
yd national real per person;Baseline;2013;17618,9486925331;27,1433272905033
yd national real per person;Baseline;2014;17739,6660081832;33,5556835644493
yd national real per person;Baseline;2015;17915,4819381384;37,9585345119613
yd national real per person;Baseline;2016;18069,257996972;39,4994644505787
yd national real per person;Baseline;2017;18213,330898449;45,37065149113
yd national real per person;Baseline;2018;18254,5270133194;53,4110749913707
yd national real per person;Baseline;2019;18258,7940879605;56,0509850948456
yd national real per person;Baseline;2020;17273,5752844131;65,6941260966923
yd national real per person;Baseline;2021;18174,3158602476;83,1038142256621
yd national real per person;Baseline;2022;18919,6817557837;90,1458068955508
yd national real per person;Baseline;2023;19176,8122519806;104,209278370468
yd national real per person;Baseline;2024;19273,2069081984;104,237036420076
yd national real per person;Baseline;2025;19340,5619411786;105,605232190172
yd national real per person;Baseline;2026;19450,7020149264;107,681993238815
yd national real per person;Baseline;2027;19322,5098774928;113,128676437545
yd national real per person;Baseline;2028;19385,9397467644;112,545435393806
yd national real per person;Baseline;2029;19507,6131992013;113,170870551336
yd national real per person;Baseline;2030;19627,9188421354;120,983965695572
yd national real per person;Baseline;2031;19736,5223286934;123,047759396752
yd national real per person;Baseline;2032;19856,3643727318;131,241614920449
yd national real per person;Baseline;2033;19962,4900232617;144,627243395811
yd national real per person;Baseline;2034;20076,776904144;141,166138507098
yd national real per person;Baseline;2035;20233,8274093703;153,091676406999
yd national real per person;Baseline;2036;20350,1896021276;168,564754991354
yd national real per person;Baseline;2037;20454,5317195404;171,256916656435
yd national real per person;Baseline;2038;20572,8902521857;174,717530993972
yd national real per person;Baseline;2039;20711,3821363827;183,741399207331
yd national real per person;Baseline;2040;20850,1366321265;188,953196467082
yd national real per person;Baseline;2041;21011,0218879005;199,097433664931
yd national real per person;Baseline;2042;21160,9053694653;209,233618148415
yd national real per person;Baseline;2043;21289,8309955438;214,712668706128
yd national real per person;Baseline;2044;21427,9986437733;223,749263275387
yd national real per person;Baseline;2045;21568,7540512298;236,114948619241
yd national real per person;Baseline;2046;21703,4415592005;248,973551433719
yd national real per person;Baseline;2047;21870,1000125768;255,488184427733
yd national real per person;Baseline;2048;22024,2348504832;254,878454478503
yd national real per person;Baseline;2049;22173,6359631144;261,419259349894
yd national real per person;Baseline;2050;22322,0578749635;265,183290174937
yd national real per person;Degrowth;2010;17570,5271089088;0,0
yd national real per person;Degrowth;2011;17498,099934207;7,07812123694384
yd national real per person;Degrowth;2012;17493,9748114384;22,4101452252908
yd national real per person;Degrowth;2013;17618,9486925331;27,1433272905033
yd national real per person;Degrowth;2014;17739,6660081832;33,5556835644493
yd national real per person;Degrowth;2015;17915,4819381384;37,9585345119613
yd national real per person;Degrowth;2016;18069,257996972;39,4994644505787
yd national real per person;Degrowth;2017;18213,330898449;45,37065149113
yd national real per person;Degrowth;2018;18254,5270133194;53,4110749913707
yd national real per person;Degrowth;2019;18258,7940879605;56,0509850948456
yd national real per person;Degrowth;2020;17273,5752844131;65,6941260966923
yd national real per person;Degrowth;2021;18174,3158602476;83,1038142256621
yd national real per person;Degrowth;2022;18919,6817557837;90,1458068955508
yd national real per person;Degrowth;2023;19176,8122519806;104,209278370468
yd national real per person;Degrowth;2024;19273,2069081984;104,237036420076
yd national real per person;Degrowth;2025;19340,5619411786;105,605232190172
yd national real per person;Degrowth;2026;19390,4094388499;107,53449266867
yd national real per person;Degrowth;2027;19194,2538383128;112,702633353974
yd national real per person;Degrowth;2028;19190,6151027286;110,628134087026
yd national real per person;Degrowth;2029;19236,9791710381;110,743082552226
yd national real per person;Degrowth;2030;19263,4515924363;115,507820572053
yd national real per person;Degrowth;2031;19278,6923932261;118,707684725978
yd national real per person;Degrowth;2032;19305,6181102043;126,659215087289
yd national real per person;Degrowth;2033;19322,215250529;134,804016622116
yd national real per person;Degrowth;2034;19339,7254544866;136,662162234332
yd national real per person;Degrowth;2035;19410,2788814619;146,288854171831
yd national real per person;Degrowth;2036;19424,8285813559;150,715205484101
yd national real per person;Degrowth;2037;19429,8184141722;154,066265324127
yd national real per person;Degrowth;2038;19440,2046847505;147,363173923468
yd national real per person;Degrowth;2039;19469,4816779808;135,553970674826
yd national real per person;Degrowth;2040;19448,3734632801;125,581795435459
yd national real per person;Degrowth;2041;19436,0481318142;117,490839541306
yd national real per person;Degrowth;2042;19392,8801621739;117,761583161248
yd national real per person;Degrowth;2043;19330,1582128488;119,317861605437
yd national real per person;Degrowth;2044;19258,7424461617;124,712059972502
yd national real per person;Degrowth;2045;19171,4829002906;129,165150864563
yd national real per person;Degrowth;2046;19067,6248658487;131,512180054611
yd national real per person;Degrowth;2047;19010,5434680137;137,729302700951
yd national real per person;Degrowth;2048;18927,2002141294;152,172187168586
yd national real per person;Degrowth;2049;18827,4664171459;151,038033646079
yd national real per person;Degrowth;2050;18729,0423737856;140,025591642456
yd national real per person;Green growth;2010;17570,5271089088;0,0
yd national real per person;Green growth;2011;17498,099934207;7,07812123694384
yd national real per person;Green growth;2012;17493,9748114384;22,4101452252908
yd national real per person;Green growth;2013;17618,9486925331;27,1433272905033
yd national real per person;Green growth;2014;17739,6660081832;33,5556835644493
yd national real per person;Green growth;2015;17915,4819381384;37,9585345119613
yd national real per person;Green growth;2016;18069,257996972;39,4994644505787
yd national real per person;Green growth;2017;18213,330898449;45,37065149113
yd national real per person;Green growth;2018;18254,5270133194;53,4110749913707
yd national real per person;Green growth;2019;18258,7940879605;56,0509850948456
yd national real per person;Green growth;2020;17273,5752844131;65,6941260966923
yd national real per person;Green growth;2021;18174,3158602476;83,1038142256621
yd national real per person;Green growth;2022;18919,6817557837;90,1458068955508
yd national real per person;Green growth;2023;19176,8122519806;104,209278370468
yd national real per person;Green growth;2024;19273,2069081984;104,237036420076
yd national real per person;Green growth;2025;19372,0927051122;107,13418548606
yd national real per person;Green growth;2026;19473,676160232;106,093987347564
yd national real per person;Green growth;2027;19340,4896746164;113,888753701804
yd national real per person;Green growth;2028;19410,8115463469;112,813593576007
yd national real per person;Green growth;2029;19535,507054625;115,123500883103
yd national real per person;Green growth;2030;19666,180430388;118,401279257707
yd national real per person;Green growth;2031;19786,7077025973;122,412676719534
yd national real per person;Green growth;2032;19924,939658007;134,772968693654
yd national real per person;Green growth;2033;20053,0395895061;145,492348698255
yd national real per person;Green growth;2034;20204,7692158792;143,285996034534
yd national real per person;Green growth;2035;20413,1758476346;152,098100225841
yd national real per person;Green growth;2036;20579,464123576;166,849923643631
yd national real per person;Green growth;2037;20740,7557761644;175,4645814002
yd national real per person;Green growth;2038;20896,1571718686;184,911788165045
yd national real per person;Green growth;2039;21073,282536483;186,227740220076
yd national real per person;Green growth;2040;21233,0415485465;195,01570481232
yd national real per person;Green growth;2041;21407,3522978848;196,302728380217
yd national real per person;Green growth;2042;21563,1953327284;201,896055453815
yd national real per person;Green growth;2043;21716,4773247979;209,265432898379
yd national real per person;Green growth;2044;21855,0403146887;222,310574956882
yd national real per person;Green growth;2045;21999,8313397397;228,61187743892
yd national real per person;Green growth;2046;22157,9523561422;230,719216170271
yd national real per person;Green growth;2047;22342,5670459263;244,559212811848
yd national real per person;Green growth;2048;22513,2156084231;244,863107606463
yd national real per person;Green growth;2049;22663,5741617518;262,369468331834
yd national real per person;Green growth;2050;22837,3441749089;268,828256167448
yd rq real per capita_region,qu;Baseline;2010;10055,0096269394;0,0
yd rq real per capita_region,qu;Baseline;2011;9948,05774778283;20,1801176126692
yd rq real per capita_region,qu;Baseline;2012;9867,98461583321;23,1493130098215
yd rq real per capita_region,qu;Baseline;2013;9914,92936780318;24,5246477359933
yd rq real per capita_region,qu;Baseline;2014;10001,8465108139;28,9300393474814
yd rq real per capita_region,qu;Baseline;2015;10144,7113456561;28,3490037127676
yd rq real per capita_region,qu;Baseline;2016;10301,6632744247;29,6037455002261
yd rq real per capita_region,qu;Baseline;2017;10432,1570337236;34,2610273173486
yd rq real per capita_region,qu;Baseline;2018;10488,8080897205;37,2206453623894
yd rq real per capita_region,qu;Baseline;2019;10530,8505490627;39,9399467520179
yd rq real per capita_region,qu;Baseline;2020;9898,95903034907;43,4022316145483
yd rq real per capita_region,qu;Baseline;2021;10599,7613198169;52,0344571958776
yd rq real per capita_region,qu;Baseline;2022;11231,9110307166;57,6741115937784
yd rq real per capita_region,qu;Baseline;2023;11493,8781408636;63,6430647800953
yd rq real per capita_region,qu;Baseline;2024;11587,2908351008;72,3255170195516
yd rq real per capita_region,qu;Baseline;2025;11645,1595020349;68,9526420395805
yd rq real per capita_region,qu;Baseline;2026;11727,1058265257;67,930972930948
yd rq real per capita_region,qu;Baseline;2027;11582,7811782993;70,8470897679044
yd rq real per capita_region,qu;Baseline;2028;11596,5229459441;69,0093195671161
yd rq real per capita_region,qu;Baseline;2029;11677,9167579344;72,3547715100749
yd rq real per capita_region,qu;Baseline;2030;11781,3551625459;76,1385287908333
yd rq real per capita_region,qu;Baseline;2031;11866,1955288197;78,1145719664992
yd rq real per capita_region,qu;Baseline;2032;11949,3864386195;80,9875049234042
yd rq real per capita_region,qu;Baseline;2033;12032,4607263399;81,909174483545
yd rq real per capita_region,qu;Baseline;2034;12123,2208373861;89,8589180674617
yd rq real per capita_region,qu;Baseline;2035;12271,5995383909;94,5918521331969
yd rq real per capita_region,qu;Baseline;2036;12342,2369102645;93,0495954317612
yd rq real per capita_region,qu;Baseline;2037;12403,9810018437;97,265365795768
yd rq real per capita_region,qu;Baseline;2038;12470,5942165845;105,850958953521
yd rq real per capita_region,qu;Baseline;2039;12562,8691369135;105,398449216616
yd rq real per capita_region,qu;Baseline;2040;12659,3484818717;111,691033433016
yd rq real per capita_region,qu;Baseline;2041;12768,645032855;115,49972260901
yd rq real per capita_region,qu;Baseline;2042;12880,8417661069;114,476024101721
yd rq real per capita_region,qu;Baseline;2043;12960,7643377542;122,192316453783
yd rq real per capita_region,qu;Baseline;2044;13068,400555003;131,007573352203
yd rq real per capita_region,qu;Baseline;2045;13152,5731506403;137,532528067219
yd rq real per capita_region,qu;Baseline;2046;13223,044593686;143,646640931021
yd rq real per capita_region,qu;Baseline;2047;13346,2471457532;150,182990750314
yd rq real per capita_region,qu;Baseline;2048;13447,4650094848;153,848280970401
yd rq real per capita_region,qu;Baseline;2049;13549,3631726106;150,05861374621
yd rq real per capita_region,qu;Baseline;2050;13616,985787078;143,884774449302
yd rq real per capita_region,qu;Baseline;2010;15171,2133248998;0,0
yd rq real per capita_region,qu;Baseline;2011;15107,2507918191;10,8785157199118
yd rq real per capita_region,qu;Baseline;2012;15050,4595547863;20,3537548124468
yd rq real per capita_region,qu;Baseline;2013;15133,2564920258;27,5385646839913
yd rq real per capita_region,qu;Baseline;2014;15224,8969512642;32,8812518430668
yd rq real per capita_region,qu;Baseline;2015;15376,8376360107;35,440636867791
yd rq real per capita_region,qu;Baseline;2016;15524,7433128033;35,8037106486554
yd rq real per capita_region,qu;Baseline;2017;15638,4857681546;43,843663968868
yd rq real per capita_region,qu;Baseline;2018;15692,7778031156;46,1873057500761
yd rq real per capita_region,qu;Baseline;2019;15722,2291320156;51,7681319393887
yd rq real per capita_region,qu;Baseline;2020;14981,2129142518;55,4834449717446
yd rq real per capita_region,qu;Baseline;2021;15755,7798631509;67,3843973352659
yd rq real per capita_region,qu;Baseline;2022;16402,9198948058;78,6968440457595
yd rq real per capita_region,qu;Baseline;2023;16611,0668321185;94,1579992208226
yd rq real per capita_region,qu;Baseline;2024;16654,1520597428;92,111194819372
yd rq real per capita_region,qu;Baseline;2025;16691,6007012854;94,7540251876599
yd rq real per capita_region,qu;Baseline;2026;16780,5956649389;102,822655730904
yd rq real per capita_region,qu;Baseline;2027;16690,3525438962;103,316615269614
yd rq real per capita_region,qu;Baseline;2028;16745,8679411691;103,346639146792
yd rq real per capita_region,qu;Baseline;2029;16822,7919294407;110,454783666923
yd rq real per capita_region,qu;Baseline;2030;16921,5514552556;111,058700596983
yd rq real per capita_region,qu;Baseline;2031;16988,1830163127;106,201083683238
yd rq real per capita_region,qu;Baseline;2032;17083,7106176156;115,782666052819
yd rq real per capita_region,qu;Baseline;2033;17164,7461005504;125,395790954201
yd rq real per capita_region,qu;Baseline;2034;17221,8887546505;119,994074963321
yd rq real per capita_region,qu;Baseline;2035;17346,1827052999;131,086590883939
yd rq real per capita_region,qu;Baseline;2036;17406,3036626958;134,442898280617
yd rq real per capita_region,qu;Baseline;2037;17466,2972133751;140,632798477682
yd rq real per capita_region,qu;Baseline;2038;17528,8802432349;143,147336165081
yd rq real per capita_region,qu;Baseline;2039;17613,7492329253;145,24522254711
yd rq real per capita_region,qu;Baseline;2040;17696,3979786513;149,108397148399
yd rq real per capita_region,qu;Baseline;2041;17798,3563825591;150,979453787917
yd rq real per capita_region,qu;Baseline;2042;17882,5664930335;155,295276709918
yd rq real per capita_region,qu;Baseline;2043;17955,5250146813;154,689676632299
yd rq real per capita_region,qu;Baseline;2044;18032,9010875097;154,857284034975
yd rq real per capita_region,qu;Baseline;2045;18121,3238367356;157,510488646789
yd rq real per capita_region,qu;Baseline;2046;18182,6723785116;171,896329994404
yd rq real per capita_region,qu;Baseline;2047;18298,6641375892;171,381818524535
yd rq real per capita_region,qu;Baseline;2048;18377,5088791468;179,9109822547
yd rq real per capita_region,qu;Baseline;2049;18454,4156408341;176,846956899852
yd rq real per capita_region,qu;Baseline;2050;18516,7106570803;179,348037300333
yd rq real per capita_region,qu;Baseline;2010;19492,7127500776;0,0
yd rq real per capita_region,qu;Baseline;2011;19415,9685359436;8,88524976520057
yd rq real per capita_region,qu;Baseline;2012;19339,9226937459;27,7839681693822
yd rq real per capita_region,qu;Baseline;2013;19432,2260093433;37,209843356437
yd rq real per capita_region,qu;Baseline;2014;19518,8538346876;44,6761371422126
yd rq real per capita_region,qu;Baseline;2015;19687,9535037243;49,1027219346797
yd rq real per capita_region,qu;Baseline;2016;19831,6243126615;53,3723762427817
yd rq real per capita_region,qu;Baseline;2017;19946,7344092153;61,6583228263717
yd rq real per capita_region,qu;Baseline;2018;19985,9367861327;64,9156429172381
yd rq real per capita_region,qu;Baseline;2019;19996,2177423261;69,7805130381421
yd rq real per capita_region,qu;Baseline;2020;19024,5678942525;76,7915875757062
yd rq real per capita_region,qu;Baseline;2021;19943,6618848479;101,150417780207
yd rq real per capita_region,qu;Baseline;2022;20709,134519792;111,258659634235
yd rq real per capita_region,qu;Baseline;2023;20905,6199521381;123,834189063686
yd rq real per capita_region,qu;Baseline;2024;20946,047377074;129,848923604268
yd rq real per capita_region,qu;Baseline;2025;20975,7196235535;128,465914831239
yd rq real per capita_region,qu;Baseline;2026;21070,4200977172;144,175043973233
yd rq real per capita_region,qu;Baseline;2027;20982,7787471459;141,203737657308
yd rq real per capita_region,qu;Baseline;2028;21051,0883229673;141,955210435293
yd rq real per capita_region,qu;Baseline;2029;21151,3999744453;150,212992579867
yd rq real per capita_region,qu;Baseline;2030;21253,5316986497;146,438537892624
yd rq real per capita_region,qu;Baseline;2031;21328,5616597971;143,331674867795
yd rq real per capita_region,qu;Baseline;2032;21431,4044321148;161,649886095185
yd rq real per capita_region,qu;Baseline;2033;21522,2346625456;177,297614601171
yd rq real per capita_region,qu;Baseline;2034;21584,1100068142;175,068991348846
yd rq real per capita_region,qu;Baseline;2035;21715,731373133;177,053645590384
yd rq real per capita_region,qu;Baseline;2036;21790,6687082455;187,360559630304
yd rq real per capita_region,qu;Baseline;2037;21852,0456717932;191,520113903021
yd rq real per capita_region,qu;Baseline;2038;21921,1764513028;201,742703996351
yd rq real per capita_region,qu;Baseline;2039;22023,8482787191;200,676229060078
yd rq real per capita_region,qu;Baseline;2040;22121,1909350711;210,235247912289
yd rq real per capita_region,qu;Baseline;2041;22234,4697579637;198,984639972383
yd rq real per capita_region,qu;Baseline;2042;22336,4183159821;212,09365102927
yd rq real per capita_region,qu;Baseline;2043;22414,602674347;205,117249992369
yd rq real per capita_region,qu;Baseline;2044;22498,6654390935;209,939811424934
yd rq real per capita_region,qu;Baseline;2045;22598,6845336239;213,694823676984
yd rq real per capita_region,qu;Baseline;2046;22693,1344197171;232,279130067071
yd rq real per capita_region,qu;Baseline;2047;22797,8766073998;226,902138678986
yd rq real per capita_region,qu;Baseline;2048;22901,5968596287;237,214976838397
yd rq real per capita_region,qu;Baseline;2049;22986,7718327296;231,761052821002
yd rq real per capita_region,qu;Baseline;2050;23063,3669815911;241,536682384218
yd rq real per capita_region,qu;Baseline;2010;21371,8925165531;0,0
yd rq real per capita_region,qu;Baseline;2011;21276,9920466615;7,24132892144189
yd rq real per capita_region,qu;Baseline;2012;21203,4011886434;27,3061565887674
yd rq real per capita_region,qu;Baseline;2013;21293,6656769209;37,0267973291411
yd rq real per capita_region,qu;Baseline;2014;21371,785398021;44,6352908119406
yd rq real per capita_region,qu;Baseline;2015;21528,7819542289;51,4180584075693
yd rq real per capita_region,qu;Baseline;2016;21656,9839791128;51,7653592925562
yd rq real per capita_region,qu;Baseline;2017;21758,739347293;59,5664395734402
yd rq real per capita_region,qu;Baseline;2018;21777,2437708171;64,2397833201903
yd rq real per capita_region,qu;Baseline;2019;21759,5205623027;74,8594983266466
yd rq real per capita_region,qu;Baseline;2020;20921,8809698278;79,8113828432142
yd rq real per capita_region,qu;Baseline;2021;21697,8760911825;102,838833399343
yd rq real per capita_region,qu;Baseline;2022;22361,7308939232;110,317552241571
yd rq real per capita_region,qu;Baseline;2023;22540,1559215258;122,028698257062
yd rq real per capita_region,qu;Baseline;2024;22561,8087950057;127,602051753474
yd rq real per capita_region,qu;Baseline;2025;22572,9446359995;128,690365609214
yd rq real per capita_region,qu;Baseline;2026;22654,1945989057;136,965915855295
yd rq real per capita_region,qu;Baseline;2027;22538,3668616041;137,286090896232
yd rq real per capita_region,qu;Baseline;2028;22596,6017170183;138,078285837422
yd rq real per capita_region,qu;Baseline;2029;22677,7573678005;138,946965602923
yd rq real per capita_region,qu;Baseline;2030;22752,4464300019;147,038074238204
yd rq real per capita_region,qu;Baseline;2031;22817,8782993572;146,35726281423
yd rq real per capita_region,qu;Baseline;2032;22902,5584267495;161,674519571792
yd rq real per capita_region,qu;Baseline;2033;22980,6413462812;174,32181839212
yd rq real per capita_region,qu;Baseline;2034;23040,9181611911;174,018033135837
yd rq real per capita_region,qu;Baseline;2035;23150,68920756;177,768609808591
yd rq real per capita_region,qu;Baseline;2036;23210,6385807801;187,79316840418
yd rq real per capita_region,qu;Baseline;2037;23262,3213500355;192,040672790858
yd rq real per capita_region,qu;Baseline;2038;23320,6522025179;204,542647776629
yd rq real per capita_region,qu;Baseline;2039;23414,5497719892;205,718547151831
yd rq real per capita_region,qu;Baseline;2040;23504,7337997083;206,197053535558
yd rq real per capita_region,qu;Baseline;2041;23595,2190278059;211,345629475278
yd rq real per capita_region,qu;Baseline;2042;23696,1178114615;223,256355105364
yd rq real per capita_region,qu;Baseline;2043;23766,2982311653;210,227427531312
yd rq real per capita_region,qu;Baseline;2044;23845,8023165223;216,295842936701
yd rq real per capita_region,qu;Baseline;2045;23927,1915323797;227,699611706343
yd rq real per capita_region,qu;Baseline;2046;24005,476268544;241,1737710168
yd rq real per capita_region,qu;Baseline;2047;24096,522045675;237,753167079623
yd rq real per capita_region,qu;Baseline;2048;24199,1922641211;251,526239658688
yd rq real per capita_region,qu;Baseline;2049;24268,9937369436;243,556876570083
yd rq real per capita_region,qu;Baseline;2050;24339,0146681427;252,865016704362
yd rq real per capita_region,qu;Baseline;2010;32616,2690702346;0,0
yd rq real per capita_region,qu;Baseline;2011;32601,3158236343;17,1284413671547
yd rq real per capita_region,qu;Baseline;2012;32662,8875469615;43,1204255008452
yd rq real per capita_region,qu;Baseline;2013;32913,7642505536;50,1442913556639
yd rq real per capita_region,qu;Baseline;2014;33095,7711068959;60,3445497549437
yd rq real per capita_region,qu;Baseline;2015;33357,1521177555;71,0851324055802
yd rq real per capita_region,qu;Baseline;2016;33546,4429430304;78,4594328044841
yd rq real per capita_region,qu;Baseline;2017;33738,7092017228;87,8909795170039
yd rq real per capita_region,qu;Baseline;2018;33738,987219054;103,064917215172
yd rq real per capita_region,qu;Baseline;2019;33625,4619743106;118,075235778299
yd rq real per capita_region,qu;Baseline;2020;32088,7882571487;142,180357199333
yd rq real per capita_region,qu;Baseline;2021;33325,7413487431;154,021032973626
yd rq real per capita_region,qu;Baseline;2022;34446,398721888;168,664272620404
yd rq real per capita_region,qu;Baseline;2023;34720,0642569854;169,620924844639
yd rq real per capita_region,qu;Baseline;2024;34838,4070765914;179,461924051921
yd rq real per capita_region,qu;Baseline;2025;34905,4061197453;182,118066607487
yd rq real per capita_region,qu;Baseline;2026;35050,1104148721;181,715484246855
yd rq real per capita_region,qu;Baseline;2027;34830,6397509343;196,597687345522
yd rq real per capita_region,qu;Baseline;2028;34925,6506639723;204,658660743
yd rq real per capita_region,qu;Baseline;2029;35084,8932874114;221,474322032456
yd rq real per capita_region,qu;Baseline;2030;35244,4287213662;235,112943850385
yd rq real per capita_region,qu;Baseline;2031;35398,4753689534;241,333802362093
yd rq real per capita_region,qu;Baseline;2032;35554,8330628309;251,16753575296
yd rq real per capita_region,qu;Baseline;2033;35720,205865713;265,741978364196
yd rq real per capita_region,qu;Baseline;2034;35873,9398117549;286,363517365287
yd rq real per capita_region,qu;Baseline;2035;36087,189249094;288,065967114213
yd rq real per capita_region,qu;Baseline;2036;36270,9511821919;317,097374396384
yd rq real per capita_region,qu;Baseline;2037;36441,6812118235;315,52005740429
yd rq real per capita_region,qu;Baseline;2038;36638,6261032328;331,389907324516
yd rq real per capita_region,qu;Baseline;2039;36835,3124794492;326,162530278947
yd rq real per capita_region,qu;Baseline;2040;37066,9470793534;344,0720866509
yd rq real per capita_region,qu;Baseline;2041;37283,3967920336;362,412333838951
yd rq real per capita_region,qu;Baseline;2042;37528,4628068167;378,227368044667
yd rq real per capita_region,qu;Baseline;2043;37725,4924508689;414,536673667484
yd rq real per capita_region,qu;Baseline;2044;37960,7550076475;421,844594353159
yd rq real per capita_region,qu;Baseline;2045;38159,2339688561;434,475090758529
yd rq real per capita_region,qu;Baseline;2046;38381,9692084784;468,435845982716
yd rq real per capita_region,qu;Baseline;2047;38610,7421543061;490,567766691362
yd rq real per capita_region,qu;Baseline;2048;38859,6239741992;506,247904170636
yd rq real per capita_region,qu;Baseline;2049;39143,7726924987;515,086642490591
yd rq real per capita_region,qu;Baseline;2050;39383,5567961783;527,475673367127
yd rq real per capita_region,qu;Baseline;2010;13711,7986814287;0,0
yd rq real per capita_region,qu;Baseline;2011;13642,0337936298;15,634007913146
yd rq real per capita_region,qu;Baseline;2012;13546,9366012529;21,2959621788004
yd rq real per capita_region,qu;Baseline;2013;13610,4206135039;29,5996811725536
yd rq real per capita_region,qu;Baseline;2014;13705,8029602523;31,6967916441181
yd rq real per capita_region,qu;Baseline;2015;13862,61590828;34,9350346090687
yd rq real per capita_region,qu;Baseline;2016;14028,37343229;32,1336746000452
yd rq real per capita_region,qu;Baseline;2017;14158,7327357885;38,6481810570167
yd rq real per capita_region,qu;Baseline;2018;14209,0754715369;40,3206783630358
yd rq real per capita_region,qu;Baseline;2019;14245,3549841785;44,2446846595276
yd rq real per capita_region,qu;Baseline;2020;13672,9336762343;47,9960639026785
yd rq real per capita_region,qu;Baseline;2021;14270,6577068569;61,6598868621695
yd rq real per capita_region,qu;Baseline;2022;14928,5953557485;67,4154741925604
yd rq real per capita_region,qu;Baseline;2023;15154,2832713489;76,1096124175119
yd rq real per capita_region,qu;Baseline;2024;15229,6998772907;79,3657776182599
yd rq real per capita_region,qu;Baseline;2025;15282,7690521993;81,2912306942444
yd rq real per capita_region,qu;Baseline;2026;15382,9804785436;90,1254427426493
yd rq real per capita_region,qu;Baseline;2027;15234,4063772764;88,0058392729552
yd rq real per capita_region,qu;Baseline;2028;15295,9837390837;84,8220305254281
yd rq real per capita_region,qu;Baseline;2029;15394,4388621691;87,4480980174922
yd rq real per capita_region,qu;Baseline;2030;15496,9479882648;89,7747193262248
yd rq real per capita_region,qu;Baseline;2031;15596,6484630008;84,0329275788254
yd rq real per capita_region,qu;Baseline;2032;15694,4837596861;92,9699312266011
yd rq real per capita_region,qu;Baseline;2033;15788,986972195;100,323186493483
yd rq real per capita_region,qu;Baseline;2034;15878,6812986233;108,538872871831
yd rq real per capita_region,qu;Baseline;2035;16039,0417300733;109,441971419543
yd rq real per capita_region,qu;Baseline;2036;16104,6774353396;108,796897043049
yd rq real per capita_region,qu;Baseline;2037;16175,3716899311;110,692434427863
yd rq real per capita_region,qu;Baseline;2038;16247,80559452;120,168401910435
yd rq real per capita_region,qu;Baseline;2039;16354,2022265926;118,921481101895
yd rq real per capita_region,qu;Baseline;2040;16449,5263262639;123,460422939211
yd rq real per capita_region,qu;Baseline;2041;16572,8585619076;128,563783989062
yd rq real per capita_region,qu;Baseline;2042;16685,3503712988;127,144850268609
yd rq real per capita_region,qu;Baseline;2043;16771,7203338023;129,080393139058
yd rq real per capita_region,qu;Baseline;2044;16880,3571062109;141,945147185174
yd rq real per capita_region,qu;Baseline;2045;16967,1098590914;145,858369950893
yd rq real per capita_region,qu;Baseline;2046;17062,3646646844;147,134707027321
yd rq real per capita_region,qu;Baseline;2047;17200,2767886726;152,973732139339
yd rq real per capita_region,qu;Baseline;2048;17306,7200640901;158,204348099722
yd rq real per capita_region,qu;Baseline;2049;17403,8590744422;159,026386868543
yd rq real per capita_region,qu;Baseline;2050;17486,1356812993;154,833615084442
yd rq real per capita_region,qu;Baseline;2010;12740,8649534873;0,0
yd rq real per capita_region,qu;Baseline;2011;12751,0496698573;5,56362958136833
yd rq real per capita_region,qu;Baseline;2012;12738,3765478042;16,8979870437306
yd rq real per capita_region,qu;Baseline;2013;12839,3912198788;24,6912499620785
yd rq real per capita_region,qu;Baseline;2014;12939,6543356676;31,3539744372429
yd rq real per capita_region,qu;Baseline;2015;13081,8567602037;35,4757053647772
yd rq real per capita_region,qu;Baseline;2016;13210,3397328609;36,8391317022033
yd rq real per capita_region,qu;Baseline;2017;13316,5945262722;40,5980140483998
yd rq real per capita_region,qu;Baseline;2018;13382,7948256406;46,503759848476
yd rq real per capita_region,qu;Baseline;2019;13433,8169125643;46,6508270398936
yd rq real per capita_region,qu;Baseline;2020;12760,4888639361;43,2956497539744
yd rq real per capita_region,qu;Baseline;2021;13321,7880178316;57,8059830416641
yd rq real per capita_region,qu;Baseline;2022;13758,9406673736;67,2299690455284
yd rq real per capita_region,qu;Baseline;2023;13884,5781722911;70,510309213324
yd rq real per capita_region,qu;Baseline;2024;13925,5305943894;73,6188952264401
yd rq real per capita_region,qu;Baseline;2025;13978,8937034103;77,9757632423753
yd rq real per capita_region,qu;Baseline;2026;14058,7184299679;82,5202099647904
yd rq real per capita_region,qu;Baseline;2027;14047,2621256097;82,6238958839422
yd rq real per capita_region,qu;Baseline;2028;14123,1244715452;83,0459138755768
yd rq real per capita_region,qu;Baseline;2029;14198,7769563279;79,8417712235632
yd rq real per capita_region,qu;Baseline;2030;14271,9889388532;79,4471458849011
yd rq real per capita_region,qu;Baseline;2031;14334,457298166;78,8865718510915
yd rq real per capita_region,qu;Baseline;2032;14401,4988435881;84,8736532022513
yd rq real per capita_region,qu;Baseline;2033;14459,9448023276;88,3127669493979
yd rq real per capita_region,qu;Baseline;2034;14519,1535690728;91,2406534622523
yd rq real per capita_region,qu;Baseline;2035;14598,4472725397;96,2138660120818
yd rq real per capita_region,qu;Baseline;2036;14638,5638987296;97,9561981365396
yd rq real per capita_region,qu;Baseline;2037;14680,3695927383;99,5155790338194
yd rq real per capita_region,qu;Baseline;2038;14721,9534798929;104,034850158826
yd rq real per capita_region,qu;Baseline;2039;14783,1197738641;101,25323815522
yd rq real per capita_region,qu;Baseline;2040;14838,0702698323;103,259426380317
yd rq real per capita_region,qu;Baseline;2041;14902,5180228124;108,437825871764
yd rq real per capita_region,qu;Baseline;2042;14952,6605924265;106,294602285414
yd rq real per capita_region,qu;Baseline;2043;14995,422544979;107,116108254983
yd rq real per capita_region,qu;Baseline;2044;15050,9104651862;108,815652220407
yd rq real per capita_region,qu;Baseline;2045;15102,2878567672;112,780162771557
yd rq real per capita_region,qu;Baseline;2046;15151,7037227398;114,985911519268
yd rq real per capita_region,qu;Baseline;2047;15206,7762716549;116,11110372248
yd rq real per capita_region,qu;Baseline;2048;15260,0224885247;120,404618839463
yd rq real per capita_region,qu;Baseline;2049;15305,2871355409;126,25094776322
yd rq real per capita_region,qu;Baseline;2050;15339,1205428851;120,456382402272
yd rq real per capita_region,qu;Baseline;2010;32577,0398326472;0,0
yd rq real per capita_region,qu;Baseline;2011;32503,2055023261;17,5460999333936
yd rq real per capita_region,qu;Baseline;2012;32313,5692516091;53,5762200974987
yd rq real per capita_region,qu;Baseline;2013;32419,8306459697;69,1399705990716
yd rq real per capita_region,qu;Baseline;2014;32491,1161781134;75,7884782599976
yd rq real per capita_region,qu;Baseline;2015;32716,1935924409;80,0558875549414
yd rq real per capita_region,qu;Baseline;2016;32916,6384762066;81,8744846343616
yd rq real per capita_region,qu;Baseline;2017;33052,3951870066;97,7177443088985
yd rq real per capita_region,qu;Baseline;2018;33040,1802862364;96,5851698191909
yd rq real per capita_region,qu;Baseline;2019;33006,2248356924;114,450790260373
yd rq real per capita_region,qu;Baseline;2020;31896,8504869086;141,848626559296
yd rq real per capita_region,qu;Baseline;2021;32757,2554215774;170,001507308418
yd rq real per capita_region,qu;Baseline;2022;33910,0197990939;172,502968929552
yd rq real per capita_region,qu;Baseline;2023;34105,371141731;194,158554126119
yd rq real per capita_region,qu;Baseline;2024;34130,9300553932;206,784128684834
yd rq real per capita_region,qu;Baseline;2025;34157,190834669;194,38879800147
yd rq real per capita_region,qu;Baseline;2026;34288,8988006324;200,921261158885
yd rq real per capita_region,qu;Baseline;2027;34029,0477971125;218,25148582278
yd rq real per capita_region,qu;Baseline;2028;34142,1879526754;201,423525167422
yd rq real per capita_region,qu;Baseline;2029;34292,2245590957;225,595322427067
yd rq real per capita_region,qu;Baseline;2030;34414,150466932;227,051644226132
yd rq real per capita_region,qu;Baseline;2031;34549,9563650766;227,798144719294
yd rq real per capita_region,qu;Baseline;2032;34699,0578043158;248,239544390726
yd rq real per capita_region,qu;Baseline;2033;34839,3674349279;264,959473380899
yd rq real per capita_region,qu;Baseline;2034;34969,5021660091;273,752493774962
yd rq real per capita_region,qu;Baseline;2035;35177,3114721096;265,378381417286
yd rq real per capita_region,qu;Baseline;2036;35289,1844568774;291,762349501354
yd rq real per capita_region,qu;Baseline;2037;35357,3831647304;299,660843675119
yd rq real per capita_region,qu;Baseline;2038;35478,7143184234;302,983277527015
yd rq real per capita_region,qu;Baseline;2039;35640,8977136263;318,093529613983
yd rq real per capita_region,qu;Baseline;2040;35796,7706834944;319,409208895395
yd rq real per capita_region,qu;Baseline;2041;35992,6560306206;293,065302846611
yd rq real per capita_region,qu;Baseline;2042;36151,9098070787;314,981551442299
yd rq real per capita_region,qu;Baseline;2043;36278,563308941;322,943921293514
yd rq real per capita_region,qu;Baseline;2044;36438,3880523813;334,462983549202
yd rq real per capita_region,qu;Baseline;2045;36594,578075234;340,664020200817
yd rq real per capita_region,qu;Baseline;2046;36728,2562665332;342,056034012316
yd rq real per capita_region,qu;Baseline;2047;36960,4867172761;353,454061788885
yd rq real per capita_region,qu;Baseline;2048;37117,1953977278;363,572556083436
yd rq real per capita_region,qu;Baseline;2049;37268,4787540633;368,814627983589
yd rq real per capita_region,qu;Baseline;2050;37368,1117854023;368,195277037303
yd rq real per capita_region,qu;Baseline;2010;23383,8202247494;0,0
yd rq real per capita_region,qu;Baseline;2011;23253,5659740965;10,339488932852
yd rq real per capita_region,qu;Baseline;2012;23120,1507447347;32,2223448127643
yd rq real per capita_region,qu;Baseline;2013;23184,7307293077;42,6706576709585
yd rq real per capita_region,qu;Baseline;2014;23240,7588788492;49,2561286666787
yd rq real per capita_region,qu;Baseline;2015;23402,04063337;58,1560267569093
yd rq real per capita_region,qu;Baseline;2016;23540,6945365522;58,8715350009606
yd rq real per capita_region,qu;Baseline;2017;23639,5429408109;65,2422539839463
yd rq real per capita_region,qu;Baseline;2018;23653,9802903753;71,3932575014169
yd rq real per capita_region,qu;Baseline;2019;23630,8295642157;76,3831163288924
yd rq real per capita_region,qu;Baseline;2020;22962,4526198703;90,8998030390121
yd rq real per capita_region,qu;Baseline;2021;23572,9370261759;114,04896859867
yd rq real per capita_region,qu;Baseline;2022;24213,9709309949;122,01956959519
yd rq real per capita_region,qu;Baseline;2023;24392,2521126774;141,736056251471
yd rq real per capita_region,qu;Baseline;2024;24418,9596392205;138,473819234872
yd rq real per capita_region,qu;Baseline;2025;24440,8812779727;145,092837998962
yd rq real per capita_region,qu;Baseline;2026;24535,7151016341;155,956253467
yd rq real per capita_region,qu;Baseline;2027;24402,8654697881;154,436547702286
yd rq real per capita_region,qu;Baseline;2028;24467,9156528782;155,261303802605
yd rq real per capita_region,qu;Baseline;2029;24579,4438929108;163,762509581364
yd rq real per capita_region,qu;Baseline;2030;24678,0612555982;158,250953018895
yd rq real per capita_region,qu;Baseline;2031;24763,8205819805;156,92798144488
yd rq real per capita_region,qu;Baseline;2032;24877,1252450393;170,628873154616
yd rq real per capita_region,qu;Baseline;2033;24977,7213992236;191,090228265013
yd rq real per capita_region,qu;Baseline;2034;25058,7425856655;185,999339773904
yd rq real per capita_region,qu;Baseline;2035;25212,5689331681;197,007031370245
yd rq real per capita_region,qu;Baseline;2036;25310,8358225073;204,37624852332
yd rq real per capita_region,qu;Baseline;2037;25373,7437684387;208,053758709391
yd rq real per capita_region,qu;Baseline;2038;25460,0305417504;214,299912521572
yd rq real per capita_region,qu;Baseline;2039;25588,7379590085;220,252113302366
yd rq real per capita_region,qu;Baseline;2040;25698,7721103975;226,726303255859
yd rq real per capita_region,qu;Baseline;2041;25821,9555756511;217,176537148933
yd rq real per capita_region,qu;Baseline;2042;25946,2570811493;227,572716187526
yd rq real per capita_region,qu;Baseline;2043;26051,5697412369;222,398925921783
yd rq real per capita_region,qu;Baseline;2044;26158,0231243058;238,030600151007
yd rq real per capita_region,qu;Baseline;2045;26281,0263787005;236,050787949378
yd rq real per capita_region,qu;Baseline;2046;26382,2049125711;253,209118632873
yd rq real per capita_region,qu;Baseline;2047;26532,6170606301;242,631599862652
yd rq real per capita_region,qu;Baseline;2048;26642,4867855191;256,36071286078
yd rq real per capita_region,qu;Baseline;2049;26758,3607434399;257,614522802613
yd rq real per capita_region,qu;Baseline;2050;26841,1397331658;261,054022829438
yd rq real per capita_region,qu;Baseline;2010;24798,2142132898;0,0
yd rq real per capita_region,qu;Baseline;2011;24707,6602505145;19,1548126835151
yd rq real per capita_region,qu;Baseline;2012;24704,1006588608;37,0335834198577
yd rq real per capita_region,qu;Baseline;2013;24883,767961149;43,9158574795511
yd rq real per capita_region,qu;Baseline;2014;25033,4914672071;49,2503018110292
yd rq real per capita_region,qu;Baseline;2015;25257,4946316994;57,9945316829053
yd rq real per capita_region,qu;Baseline;2016;25439,9017904055;66,6729788110806
yd rq real per capita_region,qu;Baseline;2017;25612,471722211;73,7712337279027
yd rq real per capita_region,qu;Baseline;2018;25666,1625321965;84,7691938085391
yd rq real per capita_region,qu;Baseline;2019;25638,7337637555;94,0298988811664
yd rq real per capita_region,qu;Baseline;2020;24459,6866264295;97,2491678660135
yd rq real per capita_region,qu;Baseline;2021;25528,3126791903;123,506191757226
yd rq real per capita_region,qu;Baseline;2022;26339,8487378869;133,617029972504
yd rq real per capita_region,qu;Baseline;2023;26607,1943098694;153,199795674434
yd rq real per capita_region,qu;Baseline;2024;26743,0307270346;153,921196196075
yd rq real per capita_region,qu;Baseline;2025;26838,1699867696;161,325833887073
yd rq real per capita_region,qu;Baseline;2026;27013,731527128;160,347043175549
yd rq real per capita_region,qu;Baseline;2027;26908,1556838033;170,803433790035
yd rq real per capita_region,qu;Baseline;2028;27043,1422366717;163,912731136255
yd rq real per capita_region,qu;Baseline;2029;27216,5180672167;173,95252818514
yd rq real per capita_region,qu;Baseline;2030;27385,3588175646;169,598939497737
yd rq real per capita_region,qu;Baseline;2031;27551,2052814152;184,856613028684
yd rq real per capita_region,qu;Baseline;2032;27720,9140926248;199,821004723022
yd rq real per capita_region,qu;Baseline;2033;27890,6909928882;215,06973673721
yd rq real per capita_region,qu;Baseline;2034;28047,568631665;223,496594556384
yd rq real per capita_region,qu;Baseline;2035;28244,6513423345;231,105167940894
yd rq real per capita_region,qu;Baseline;2036;28450,1480916451;245,97159365104
yd rq real per capita_region,qu;Baseline;2037;28612,0755991301;254,64329898601
yd rq real per capita_region,qu;Baseline;2038;28795,3933961486;269,60134167381
yd rq real per capita_region,qu;Baseline;2039;29005,4135189384;275,946280934919
yd rq real per capita_region,qu;Baseline;2040;29218,3682695328;275,630119199779
yd rq real per capita_region,qu;Baseline;2041;29428,6671798753;286,159137818473
yd rq real per capita_region,qu;Baseline;2042;29642,0971080507;299,200149379438
yd rq real per capita_region,qu;Baseline;2043;29839,091150689;306,970179780772
yd rq real per capita_region,qu;Baseline;2044;30044,5560701928;316,954598676486
yd rq real per capita_region,qu;Baseline;2045;30251,2177584284;324,074564336182
yd rq real per capita_region,qu;Baseline;2046;30482,7542189907;335,479478572772
yd rq real per capita_region,qu;Baseline;2047;30682,2914455633;341,978056277441
yd rq real per capita_region,qu;Baseline;2048;30919,7133252691;358,13806076615
yd rq real per capita_region,qu;Baseline;2049;31154,6799504338;381,521744317068
yd rq real per capita_region,qu;Baseline;2050;31362,6355480907;387,920842674084
yd rq real per capita_region,qu;Baseline;2010;9027,53596667874;0,0
yd rq real per capita_region,qu;Baseline;2011;8935,5054978776;14,7575468342857
yd rq real per capita_region,qu;Baseline;2012;8899,94245830528;17,7963728189552
yd rq real per capita_region,qu;Baseline;2013;8961,52824261233;21,2752152993526
yd rq real per capita_region,qu;Baseline;2014;9054,0099097177;23,9724841606176
yd rq real per capita_region,qu;Baseline;2015;9186,87087031189;25,3613753353993
yd rq real per capita_region,qu;Baseline;2016;9328,28245853975;25,5882790971064
yd rq real per capita_region,qu;Baseline;2017;9451,1386427807;30,3735548851846
yd rq real per capita_region,qu;Baseline;2018;9512,65642038035;29,636395268526
yd rq real per capita_region,qu;Baseline;2019;9555,89127938852;35,2402742654031
yd rq real per capita_region,qu;Baseline;2020;8916,00668911614;36,7073453824742
yd rq real per capita_region,qu;Baseline;2021;9627,66803918853;46,61231580807
yd rq real per capita_region,qu;Baseline;2022;10184,8051475461;52,6748041281053
yd rq real per capita_region,qu;Baseline;2023;10431,512716683;58,2279846556712
yd rq real per capita_region,qu;Baseline;2024;10523,8188411572;64,1753945085884
yd rq real per capita_region,qu;Baseline;2025;10581,3582286561;61,1065337040991
yd rq real per capita_region,qu;Baseline;2026;10668,772225668;63,4228003169828
yd rq real per capita_region,qu;Baseline;2027;10573,5243782825;66,7672280458246
yd rq real per capita_region,qu;Baseline;2028;10607,0955551224;62,5997915337348
yd rq real per capita_region,qu;Baseline;2029;10697,2278748735;66,5362513607979
yd rq real per capita_region,qu;Baseline;2030;10796,5281585141;65,0408453337259
yd rq real per capita_region,qu;Baseline;2031;10878,0018092664;66,8149094030159
yd rq real per capita_region,qu;Baseline;2032;10967,3588375867;72,9050157754573
yd rq real per capita_region,qu;Baseline;2033;11054,9462229926;73,8224648305159
yd rq real per capita_region,qu;Baseline;2034;11133,7576639457;79,8044754046805
yd rq real per capita_region,qu;Baseline;2035;11266,4084978469;82,941613435748
yd rq real per capita_region,qu;Baseline;2036;11342,8306645546;88,1118913412083
yd rq real per capita_region,qu;Baseline;2037;11415,4453980972;89,2431603105661
yd rq real per capita_region,qu;Baseline;2038;11489,4927315497;96,0768400399675
yd rq real per capita_region,qu;Baseline;2039;11576,7286901494;95,1833499796194
yd rq real per capita_region,qu;Baseline;2040;11667,6011681337;95,4358524066629
yd rq real per capita_region,qu;Baseline;2041;11772,6672570264;103,333919020084
yd rq real per capita_region,qu;Baseline;2042;11875,0124063393;101,382310901477
yd rq real per capita_region,qu;Baseline;2043;11960,6456030413;108,756771180676
yd rq real per capita_region,qu;Baseline;2044;12057,6756427098;113,24051417451
yd rq real per capita_region,qu;Baseline;2045;12146,6823846846;123,411723552852
yd rq real per capita_region,qu;Baseline;2046;12225,7749559304;125,991030441004
yd rq real per capita_region,qu;Baseline;2047;12331,8727947075;130,722191688269
yd rq real per capita_region,qu;Baseline;2048;12438,1729999758;135,771415975194
yd rq real per capita_region,qu;Baseline;2049;12526,3399679861;129,650254395399
yd rq real per capita_region,qu;Baseline;2050;12602,3914028102;137,395631065307
yd rq real per capita_region,qu;Baseline;2010;12905,0432928573;0,0
yd rq real per capita_region,qu;Baseline;2011;12868,2377578592;5,87198013595207
yd rq real per capita_region,qu;Baseline;2012;12869,4700343802;16,8474557480631
yd rq real per capita_region,qu;Baseline;2013;12970,1858794398;24,6673698820896
yd rq real per capita_region,qu;Baseline;2014;13071,0533417595;28,8803937611147
yd rq real per capita_region,qu;Baseline;2015;13212,1151654283;34,8024015585124
yd rq real per capita_region,qu;Baseline;2016;13338,6639605361;36,4217892244615
yd rq real per capita_region,qu;Baseline;2017;13448,76009705;41,3755211825619
yd rq real per capita_region,qu;Baseline;2018;13514,2003840353;44,3490758750641
yd rq real per capita_region,qu;Baseline;2019;13549,2634080962;49,6844258189476
yd rq real per capita_region,qu;Baseline;2020;12846,8646076013;47,0381315897321
yd rq real per capita_region,qu;Baseline;2021;13584,0764667704;62,6836198257542
yd rq real per capita_region,qu;Baseline;2022;14097,875007163;73,1552427292381
yd rq real per capita_region,qu;Baseline;2023;14276,7642895088;80,654360370062
yd rq real per capita_region,qu;Baseline;2024;14346,438190913;80,8714601569445
yd rq real per capita_region,qu;Baseline;2025;14401,2168470119;86,95895718467
yd rq real per capita_region,qu;Baseline;2026;14493,3984323096;88,2728550652428
yd rq real per capita_region,qu;Baseline;2027;14466,9119522424;91,8667305727913
yd rq real per capita_region,qu;Baseline;2028;14536,3378206433;95,4983841940684
yd rq real per capita_region,qu;Baseline;2029;14624,4602640417;91,7928812758228
yd rq real per capita_region,qu;Baseline;2030;14720,9429729772;95,763851340339
yd rq real per capita_region,qu;Baseline;2031;14799,6261450056;92,3504148871834
yd rq real per capita_region,qu;Baseline;2032;14887,004391959;96,5446746172111
yd rq real per capita_region,qu;Baseline;2033;14959,4162614921;104,498003655299
yd rq real per capita_region,qu;Baseline;2034;15036,1905843449;110,26501752732
yd rq real per capita_region,qu;Baseline;2035;15135,9823620489;110,912970521288
yd rq real per capita_region,qu;Baseline;2036;15217,7156347103;119,532734144341
yd rq real per capita_region,qu;Baseline;2037;15271,2952012698;120,689081887648
yd rq real per capita_region,qu;Baseline;2038;15345,0417276712;126,426753229244
yd rq real per capita_region,qu;Baseline;2039;15430,5542463999;125,618310272835
yd rq real per capita_region,qu;Baseline;2040;15509,955892587;128,737468595179
yd rq real per capita_region,qu;Baseline;2041;15611,6692266929;129,968548535492
yd rq real per capita_region,qu;Baseline;2042;15694,342964181;126,404614924716
yd rq real per capita_region,qu;Baseline;2043;15767,8405959747;136,644211762999
yd rq real per capita_region,qu;Baseline;2044;15848,6993182019;136,818896316352
yd rq real per capita_region,qu;Baseline;2045;15934,2374139053;140,261573338405
yd rq real per capita_region,qu;Baseline;2046;16010,1382204313;152,052557118162
yd rq real per capita_region,qu;Baseline;2047;16097,1915569548;154,127770016827
yd rq real per capita_region,qu;Baseline;2048;16181,0705284236;162,938483333548
yd rq real per capita_region,qu;Baseline;2049;16265,680206855;164,31571095272
yd rq real per capita_region,qu;Baseline;2050;16340,1999973247;160,53302806406
yd rq real per capita_region,qu;Baseline;2010;17661,3493776757;0,0
yd rq real per capita_region,qu;Baseline;2011;17586,6913725918;5,64802273736677
yd rq real per capita_region,qu;Baseline;2012;17558,9930741621;23,1521678857825
yd rq real per capita_region,qu;Baseline;2013;17675,4174602741;32,8965567049618
yd rq real per capita_region,qu;Baseline;2014;17782,0179780198;39,4743020951773
yd rq real per capita_region,qu;Baseline;2015;17958,1249640162;47,1799769926111
yd rq real per capita_region,qu;Baseline;2016;18110,1778103952;49,9376300133154
yd rq real per capita_region,qu;Baseline;2017;18237,673885486;54,2951467113508
yd rq real per capita_region,qu;Baseline;2018;18299,4538121355;63,8616190082139
yd rq real per capita_region,qu;Baseline;2019;18317,8842533187;66,7460916291784
yd rq real per capita_region,qu;Baseline;2020;17414,951460392;62,916329280868
yd rq real per capita_region,qu;Baseline;2021;18318,5794254146;85,7910749844341
yd rq real per capita_region,qu;Baseline;2022;18989,0338254917;101,429857552035
yd rq real per capita_region,qu;Baseline;2023;19198,4733427445;108,456767484729
yd rq real per capita_region,qu;Baseline;2024;19266,627784359;110,744196735552
yd rq real per capita_region,qu;Baseline;2025;19324,2551856268;117,916218527196
yd rq real per capita_region,qu;Baseline;2026;19426,407752186;118,391366168944
yd rq real per capita_region,qu;Baseline;2027;19371,5230667702;124,416898293717
yd rq real per capita_region,qu;Baseline;2028;19450,1028998727;126,955532157877
yd rq real per capita_region,qu;Baseline;2029;19555,6569174593;129,724425636474
yd rq real per capita_region,qu;Baseline;2030;19662,4430469601;122,019619621155
yd rq real per capita_region,qu;Baseline;2031;19762,8616172669;124,329868674809
yd rq real per capita_region,qu;Baseline;2032;19861,4294636639;133,64039598128
yd rq real per capita_region,qu;Baseline;2033;19951,7722115656;152,576973733061
yd rq real per capita_region,qu;Baseline;2034;20035,8966772508;148,083633169372
yd rq real per capita_region,qu;Baseline;2035;20161,1596164461;153,021000961186
yd rq real per capita_region,qu;Baseline;2036;20246,577737343;163,214503046354
yd rq real per capita_region,qu;Baseline;2037;20320,3636213355;160,399815112249
yd rq real per capita_region,qu;Baseline;2038;20401,0121333472;165,882795126183
yd rq real per capita_region,qu;Baseline;2039;20508,2322358149;171,966254327122
yd rq real per capita_region,qu;Baseline;2040;20614,6623262067;179,645880196964
yd rq real per capita_region,qu;Baseline;2041;20726,7052136338;186,259314973444
yd rq real per capita_region,qu;Baseline;2042;20839,8788014551;184,62570423445
yd rq real per capita_region,qu;Baseline;2043;20923,221707697;188,829346121867
yd rq real per capita_region,qu;Baseline;2044;21024,1784815937;188,497059132156
yd rq real per capita_region,qu;Baseline;2045;21125,5251420394;198,106494019334
yd rq real per capita_region,qu;Baseline;2046;21221,3734242911;212,522069609649
yd rq real per capita_region,qu;Baseline;2047;21324,2035614602;210,489390020675
yd rq real per capita_region,qu;Baseline;2048;21447,0364544368;214,144235256303
yd rq real per capita_region,qu;Baseline;2049;21540,8707608111;213,632657268247
yd rq real per capita_region,qu;Baseline;2050;21635,8970581484;217,009544727945
yd rq real per capita_region,qu;Baseline;2010;23184,6573169596;0,0
yd rq real per capita_region,qu;Baseline;2011;23099,5381231071;13,4227588095564
yd rq real per capita_region,qu;Baseline;2012;23084,9203651992;33,7929473498843
yd rq real per capita_region,qu;Baseline;2013;23246,1440791189;41,919254094857
yd rq real per capita_region,qu;Baseline;2014;23384,0101106596;47,4722288595185
yd rq real per capita_region,qu;Baseline;2015;23603,0352403202;60,0229313900509
yd rq real per capita_region,qu;Baseline;2016;23780,0783464736;61,523858773955
yd rq real per capita_region,qu;Baseline;2017;23933,2228335872;71,8333807854815
yd rq real per capita_region,qu;Baseline;2018;23990,8549785044;80,7920769328193
yd rq real per capita_region,qu;Baseline;2019;23972,3342549079;85,6915745375391
yd rq real per capita_region,qu;Baseline;2020;22784,0777488041;89,1696157769602
yd rq real per capita_region,qu;Baseline;2021;23866,8410644185;115,434557878161
yd rq real per capita_region,qu;Baseline;2022;24686,8347702318;124,364618578053
yd rq real per capita_region,qu;Baseline;2023;24921,2416154292;143,497572364478
yd rq real per capita_region,qu;Baseline;2024;25018,4501385236;140,897787634984
yd rq real per capita_region,qu;Baseline;2025;25079,0870779981;147,037778755946
yd rq real per capita_region,qu;Baseline;2026;25213,7125063615;146,050920450643
yd rq real per capita_region,qu;Baseline;2027;25112,4398710364;155,771562949321
yd rq real per capita_region,qu;Baseline;2028;25213,8509921778;153,564573871136
yd rq real per capita_region,qu;Baseline;2029;25350,8386465721;162,726795818096
yd rq real per capita_region,qu;Baseline;2030;25467,4161577654;160,050828295032
yd rq real per capita_region,qu;Baseline;2031;25589,1349939548;172,544230896772
yd rq real per capita_region,qu;Baseline;2032;25716,5064985404;187,687020892523
yd rq real per capita_region,qu;Baseline;2033;25842,4208017875;201,066858018359
yd rq real per capita_region,qu;Baseline;2034;25945,5150245432;203,64460585089
yd rq real per capita_region,qu;Baseline;2035;26096,9172651352;208,490805312782
yd rq real per capita_region,qu;Baseline;2036;26218,621966696;232,587963164797
yd rq real per capita_region,qu;Baseline;2037;26325,345092734;227,085658628672
yd rq real per capita_region,qu;Baseline;2038;26452,9009104553;240,937013068933
yd rq real per capita_region,qu;Baseline;2039;26604,9246326164;249,290294928953
yd rq real per capita_region,qu;Baseline;2040;26745,2244117402;243,380820904813
yd rq real per capita_region,qu;Baseline;2041;26895,0399535739;254,418624179418
yd rq real per capita_region,qu;Baseline;2042;27055,5756817258;263,591482445274
yd rq real per capita_region,qu;Baseline;2043;27174,5711753924;271,596666508169
yd rq real per capita_region,qu;Baseline;2044;27320,0380623834;276,682366136751
yd rq real per capita_region,qu;Baseline;2045;27457,5082215835;285,241664588178
yd rq real per capita_region,qu;Baseline;2046;27614,771634831;303,862479287531
yd rq real per capita_region,qu;Baseline;2047;27767,4725196859;302,738114382673
yd rq real per capita_region,qu;Baseline;2048;27927,1134306541;314,756192368561
yd rq real per capita_region,qu;Baseline;2049;28080,336432092;319,386843586977
yd rq real per capita_region,qu;Baseline;2050;28209,2474958987;328,611700300187
yd rq real per capita_region,qu;Baseline;2010;42234,0438602613;0,0
yd rq real per capita_region,qu;Baseline;2011;42287,3816385815;36,9530644837796
yd rq real per capita_region,qu;Baseline;2012;42476,3720146211;67,7550514851137
yd rq real per capita_region,qu;Baseline;2013;42871,0186537336;72,9519387660512
yd rq real per capita_region,qu;Baseline;2014;43114,8821249322;84,0850362078199
yd rq real per capita_region,qu;Baseline;2015;43429,5418846761;105,975431276052
yd rq real per capita_region,qu;Baseline;2016;43624,1232651938;126,873714209436
yd rq real per capita_region,qu;Baseline;2017;43844,1771808099;143,916223334403
yd rq real per capita_region,qu;Baseline;2018;43787,4085826845;166,296265260084
yd rq real per capita_region,qu;Baseline;2019;43550,5202922395;203,002309821801
yd rq real per capita_region,qu;Baseline;2020;40942,9886192132;227,918585045794
yd rq real per capita_region,qu;Baseline;2021;42843,2654563781;238,232790717222
yd rq real per capita_region,qu;Baseline;2022;44535,0434131969;238,771418273514
yd rq real per capita_region,qu;Baseline;2023;44924,8514583708;262,470423027582
yd rq real per capita_region,qu;Baseline;2024;45153,2997692556;258,454252410065
yd rq real per capita_region,qu;Baseline;2025;45276,3426627754;262,091596477243
yd rq real per capita_region,qu;Baseline;2026;45522,9318540155;267,733522023045
yd rq real per capita_region,qu;Baseline;2027;45180,3607204562;278,960521282188
yd rq real per capita_region,qu;Baseline;2028;45355,622673362;313,92719451198
yd rq real per capita_region,qu;Baseline;2029;45628,9136454078;326,543139297082
yd rq real per capita_region,qu;Baseline;2030;45880,9976392322;355,325434015475
yd rq real per capita_region,qu;Baseline;2031;46144,2302933273;368,336069465284
yd rq real per capita_region,qu;Baseline;2032;46437,098188465;413,7954270232
yd rq real per capita_region,qu;Baseline;2033;46668,2905410866;418,916916341077
yd rq real per capita_region,qu;Baseline;2034;46934,8747422457;435,300541713754
yd rq real per capita_region,qu;Baseline;2035;47270,5736572219;454,811161468926
yd rq real per capita_region,qu;Baseline;2036;47587,2142123728;479,453976913042
yd rq real per capita_region,qu;Baseline;2037;47912,3271111254;504,842799148944
yd rq real per capita_region,qu;Baseline;2038;48294,1979183751;517,340776520115
yd rq real per capita_region,qu;Baseline;2039;48698,009006367;509,478848809369
yd rq real per capita_region,qu;Baseline;2040;49092,5091118396;553,666657690323
yd rq real per capita_region,qu;Baseline;2041;49509,4248828868;566,776259885035
yd rq real per capita_region,qu;Baseline;2042;49944,9150927943;613,069907320492
yd rq real per capita_region,qu;Baseline;2043;50368,0903849067;670,568759224094
yd rq real per capita_region,qu;Baseline;2044;50804,4500959198;688,757443066133
yd rq real per capita_region,qu;Baseline;2045;51204,7178854064;728,929313863711
yd rq real per capita_region,qu;Baseline;2046;51616,4845388474;765,013114721842
yd rq real per capita_region,qu;Baseline;2047;52026,7103888054;783,11004424579
yd rq real per capita_region,qu;Baseline;2048;52509,4232985141;812,267659918813
yd rq real per capita_region,qu;Baseline;2049;52979,2522657336;826,313004760112
yd rq real per capita_region,qu;Baseline;2050;53449,8851856839;810,601327364682
yd rq real per capita_region,qu;Baseline;2010;8965,63344167775;0,0
yd rq real per capita_region,qu;Baseline;2011;8944,81995026851;7,84682945661552
yd rq real per capita_region,qu;Baseline;2012;8954,36784355149;13,0490909034033
yd rq real per capita_region,qu;Baseline;2013;9042,228604861;17,8196675158133
yd rq real per capita_region,qu;Baseline;2014;9142,83666270022;20,4123644314459
yd rq real per capita_region,qu;Baseline;2015;9271,31524094068;24,8140055746353
yd rq real per capita_region,qu;Baseline;2016;9395,58238413182;25,590928596288
yd rq real per capita_region,qu;Baseline;2017;9508,5060618293;28,0138374738299
yd rq real per capita_region,qu;Baseline;2018;9582,70342936863;29,4121171884708
yd rq real per capita_region,qu;Baseline;2019;9641,99699118321;34,5894245614718
yd rq real per capita_region,qu;Baseline;2020;8954,38221961637;35,2504438677333
yd rq real per capita_region,qu;Baseline;2021;9728,92339851512;44,1998428346214
yd rq real per capita_region,qu;Baseline;2022;10268,8685515258;51,9854124468575
yd rq real per capita_region,qu;Baseline;2023;10457,9457729432;57,3680480258781
yd rq real per capita_region,qu;Baseline;2024;10537,7454540915;59,2350907406917
yd rq real per capita_region,qu;Baseline;2025;10599,361298698;60,8053227501241
yd rq real per capita_region,qu;Baseline;2026;10682,4459137756;66,0111689355554
yd rq real per capita_region,qu;Baseline;2027;10650,9303672895;64,2014126361764
yd rq real per capita_region,qu;Baseline;2028;10708,3408937135;66,8947066814917
yd rq real per capita_region,qu;Baseline;2029;10794,563125031;65,0379598871568
yd rq real per capita_region,qu;Baseline;2030;10882,6959054198;63,3369909843468
yd rq real per capita_region,qu;Baseline;2031;10956,2061802369;63,0568083636008
yd rq real per capita_region,qu;Baseline;2032;11033,4765037662;66,2856649096484
yd rq real per capita_region,qu;Baseline;2033;11100,960003413;68,2450444420774
yd rq real per capita_region,qu;Baseline;2034;11175,1456976021;71,1359026033924
yd rq real per capita_region,qu;Baseline;2035;11275,5827504865;75,5688253496519
yd rq real per capita_region,qu;Baseline;2036;11337,6696004404;82,8311262475518
yd rq real per capita_region,qu;Baseline;2037;11398,302684456;83,6964990076385
yd rq real per capita_region,qu;Baseline;2038;11457,9284064558;84,0239862714579
yd rq real per capita_region,qu;Baseline;2039;11527,477412095;84,6523790260408
yd rq real per capita_region,qu;Baseline;2040;11603,9369688818;86,4319019223203
yd rq real per capita_region,qu;Baseline;2041;11686,9368803142;92,6882510018149
yd rq real per capita_region,qu;Baseline;2042;11763,3535201192;88,7959879120999
yd rq real per capita_region,qu;Baseline;2043;11838,5407969458;96,2120847841934
yd rq real per capita_region,qu;Baseline;2044;11905,7485390107;92,7989320680581
yd rq real per capita_region,qu;Baseline;2045;11975,4725604977;98,5495839809973
yd rq real per capita_region,qu;Baseline;2046;12033,5981688458;102,731346603493
yd rq real per capita_region,qu;Baseline;2047;12118,9978089759;106,250013930082
yd rq real per capita_region,qu;Baseline;2048;12188,4412920245;108,162067979729
yd rq real per capita_region,qu;Baseline;2049;12258,018616666;107,818812198593
yd rq real per capita_region,qu;Baseline;2050;12321,820080156;115,986457458212
yd rq real per capita_region,qu;Baseline;2010;14369,4033370127;0,0
yd rq real per capita_region,qu;Baseline;2011;14371,9388276449;6,07167867896169
yd rq real per capita_region,qu;Baseline;2012;14385,4732660625;19,886007707154
yd rq real per capita_region,qu;Baseline;2013;14508,6874179345;27,8947515149839
yd rq real per capita_region,qu;Baseline;2014;14627,2705311775;34,548264686664
yd rq real per capita_region,qu;Baseline;2015;14800,3816741716;41,8919309201647
yd rq real per capita_region,qu;Baseline;2016;14963,7707724325;44,9744127718968
yd rq real per capita_region,qu;Baseline;2017;15102,1738358051;46,7477335528911
yd rq real per capita_region,qu;Baseline;2018;15197,1200916072;53,1469995429916
yd rq real per capita_region,qu;Baseline;2019;15259,5452040019;56,9622228155513
yd rq real per capita_region,qu;Baseline;2020;14296,6589979089;56,4364079672268
yd rq real per capita_region,qu;Baseline;2021;15316,946842787;75,3534913174208
yd rq real per capita_region,qu;Baseline;2022;16051,6047942824;87,5989538113172
yd rq real per capita_region,qu;Baseline;2023;16249,1035186106;97,2313019623425
yd rq real per capita_region,qu;Baseline;2024;16326,6040783304;103,350746940975
yd rq real per capita_region,qu;Baseline;2025;16397,8555378508;109,768649918281
yd rq real per capita_region,qu;Baseline;2026;16501,3817588557;111,424272385835
yd rq real per capita_region,qu;Baseline;2027;16479,6947664877;109,31003216409
yd rq real per capita_region,qu;Baseline;2028;16571,3930618066;111,571848315678
yd rq real per capita_region,qu;Baseline;2029;16679,1347185192;104,502447756981
yd rq real per capita_region,qu;Baseline;2030;16779,8165601063;108,123655663458
yd rq real per capita_region,qu;Baseline;2031;16868,8661315411;108,273228953971
yd rq real per capita_region,qu;Baseline;2032;16968,3650798631;113,143536942645
yd rq real per capita_region,qu;Baseline;2033;17045,7450727248;123,301735530629
yd rq real per capita_region,qu;Baseline;2034;17120,488463966;123,599004956317
yd rq real per capita_region,qu;Baseline;2035;17229,1405307134;121,074749529586
yd rq real per capita_region,qu;Baseline;2036;17300,8736230013;131,394704988163
yd rq real per capita_region,qu;Baseline;2037;17362,1793927416;135,049381606894
yd rq real per capita_region,qu;Baseline;2038;17428,9236344736;140,903647783365
yd rq real per capita_region,qu;Baseline;2039;17515,0243008273;140,279679379388
yd rq real per capita_region,qu;Baseline;2040;17602,1203629321;150,65818300717
yd rq real per capita_region,qu;Baseline;2041;17691,8149232113;146,774031797424
yd rq real per capita_region,qu;Baseline;2042;17776,7554857755;146,143170704127
yd rq real per capita_region,qu;Baseline;2043;17844,4479249163;150,412599236894
yd rq real per capita_region,qu;Baseline;2044;17919,1155315071;145,694971818542
yd rq real per capita_region,qu;Baseline;2045;18000,9118542713;151,824076714362
yd rq real per capita_region,qu;Baseline;2046;18064,9985467239;158,540707611071
yd rq real per capita_region,qu;Baseline;2047;18154,832161799;157,086263523052
yd rq real per capita_region,qu;Baseline;2048;18229,032818615;164,960891373665
yd rq real per capita_region,qu;Baseline;2049;18306,596671812;165,037290291293
yd rq real per capita_region,qu;Baseline;2050;18365,922860093;169,858891041933
yd rq real per capita_region,qu;Baseline;2010;19612,4024216811;0,0
yd rq real per capita_region,qu;Baseline;2011;19584,2524451039;8,07801345625921
yd rq real per capita_region,qu;Baseline;2012;19562,2035503201;26,5438991262581
yd rq real per capita_region,qu;Baseline;2013;19687,8393780847;36,6203317186355
yd rq real per capita_region,qu;Baseline;2014;19797,156507983;43,0686639967716
yd rq real per capita_region,qu;Baseline;2015;19983,0376708192;50,1400901181441
yd rq real per capita_region,qu;Baseline;2016;20151,9530528729;53,2907880131861
yd rq real per capita_region,qu;Baseline;2017;20290,2712746211;53,7035518697758
yd rq real per capita_region,qu;Baseline;2018;20361,8201421724;61,4479912818897
yd rq real per capita_region,qu;Baseline;2019;20398,9180806593;69,5470896489733
yd rq real per capita_region,qu;Baseline;2020;19333,9918913778;73,5463896069195
yd rq real per capita_region,qu;Baseline;2021;20347,1967768218;94,5269871286837
yd rq real per capita_region,qu;Baseline;2022;21153,1111022628;109,526498902354
yd rq real per capita_region,qu;Baseline;2023;21349,7524315444;125,899223849588
yd rq real per capita_region,qu;Baseline;2024;21407,4698442029;126,403562632049
yd rq real per capita_region,qu;Baseline;2025;21453,1188042681;130,575461474786
yd rq real per capita_region,qu;Baseline;2026;21552,5826078527;136,041444324344
yd rq real per capita_region,qu;Baseline;2027;21467,5215008337;137,587554095962
yd rq real per capita_region,qu;Baseline;2028;21559,6213305125;138,246227072223
yd rq real per capita_region,qu;Baseline;2029;21660,4784219828;142,125128261858
yd rq real per capita_region,qu;Baseline;2030;21756,9256522238;139,162017136447
yd rq real per capita_region,qu;Baseline;2031;21839,0113226427;142,844751484203
yd rq real per capita_region,qu;Baseline;2032;21940,4994998486;153,696534293018
yd rq real per capita_region,qu;Baseline;2033;22022,8351462543;158,495767803319
yd rq real per capita_region,qu;Baseline;2034;22080,7399818192;152,287926844447
yd rq real per capita_region,qu;Baseline;2035;22204,0584857569;152,416204831879
yd rq real per capita_region,qu;Baseline;2036;22272,2091063643;169,0757173733
yd rq real per capita_region,qu;Baseline;2037;22323,9120896908;172,287765725534
yd rq real per capita_region,qu;Baseline;2038;22380,4666422178;182,670384941977
yd rq real per capita_region,qu;Baseline;2039;22457,5302185114;178,81543748233
yd rq real per capita_region,qu;Baseline;2040;22553,3559367504;189,477790381579
yd rq real per capita_region,qu;Baseline;2041;22655,8244237401;182,805100830406
yd rq real per capita_region,qu;Baseline;2042;22739,2188538644;183,793120945114
yd rq real per capita_region,qu;Baseline;2043;22802,7520510222;189,182905855363
yd rq real per capita_region,qu;Baseline;2044;22887,9764372503;197,455027169772
yd rq real per capita_region,qu;Baseline;2045;22960,9103264396;190,575877399202
yd rq real per capita_region,qu;Baseline;2046;23033,361915223;198,441035736076
yd rq real per capita_region,qu;Baseline;2047;23118,8197569505;203,594297531034
yd rq real per capita_region,qu;Baseline;2048;23202,6787719129;204,440709960247
yd rq real per capita_region,qu;Baseline;2049;23270,6660088091;214,543683848813
yd rq real per capita_region,qu;Baseline;2050;23333,319676783;206,906121492626
yd rq real per capita_region,qu;Baseline;2010;26197,5657391882;0,0
yd rq real per capita_region,qu;Baseline;2011;26159,8788195398;10,1412437300387
yd rq real per capita_region,qu;Baseline;2012;26109,4589137098;36,2258093500386
yd rq real per capita_region,qu;Baseline;2013;26269,3384901092;50,8101398458493
yd rq real per capita_region,qu;Baseline;2014;26393,0146435198;58,9904419562954
yd rq real per capita_region,qu;Baseline;2015;26625,2502035685;66,2834598574445
yd rq real per capita_region,qu;Baseline;2016;26830,1288368733;72,092030859485
yd rq real per capita_region,qu;Baseline;2017;27002,6139930676;78,1391327961846
yd rq real per capita_region,qu;Baseline;2018;27059,3204142747;87,5762907006447
yd rq real per capita_region,qu;Baseline;2019;27076,8490490578;97,1354925982487
yd rq real per capita_region,qu;Baseline;2020;25709,706268237;104,681319664021
yd rq real per capita_region,qu;Baseline;2021;26917,9667626487;129,015883086591
yd rq real per capita_region,qu;Baseline;2022;27948,4343863913;151,231440837222
yd rq real per capita_region,qu;Baseline;2023;28183,7006158657;171,836907913661
yd rq real per capita_region,qu;Baseline;2024;28250,8843673957;170,800287091386
yd rq real per capita_region,qu;Baseline;2025;28303,3128276786;174,778972161632
yd rq real per capita_region,qu;Baseline;2026;28436,2376307267;179,90573466189
yd rq real per capita_region,qu;Baseline;2027;28305,1274556646;198,192666744604
yd rq real per capita_region,qu;Baseline;2028;28423,9508612521;188,46698114818
yd rq real per capita_region,qu;Baseline;2029;28561,1233768485;200,974757549911
yd rq real per capita_region,qu;Baseline;2030;28685,8973283823;196,51168978794
yd rq real per capita_region,qu;Baseline;2031;28800,442101279;201,887235421105
yd rq real per capita_region,qu;Baseline;2032;28936,0065430641;213,970993433386
yd rq real per capita_region,qu;Baseline;2033;29059,2021300443;227,3169847054
yd rq real per capita_region,qu;Baseline;2034;29150,4584249145;218,477870525088
yd rq real per capita_region,qu;Baseline;2035;29323,1879288068;231,365805320589
yd rq real per capita_region,qu;Baseline;2036;29418,5568492123;239,820950212972
yd rq real per capita_region,qu;Baseline;2037;29492,8899478831;243,352918145944
yd rq real per capita_region,qu;Baseline;2038;29585,6589928873;256,316546714739
yd rq real per capita_region,qu;Baseline;2039;29707,6434854691;254,487627905264
yd rq real per capita_region,qu;Baseline;2040;29847,8576722622;265,597863955845
yd rq real per capita_region,qu;Baseline;2041;30004,7871663277;259,870300100578
yd rq real per capita_region,qu;Baseline;2042;30124,9270779244;266,426228525239
yd rq real per capita_region,qu;Baseline;2043;30222,8839445437;264,821167765947
yd rq real per capita_region,qu;Baseline;2044;30339,0478352565;277,844814991013
yd rq real per capita_region,qu;Baseline;2045;30463,8826504001;285,600024992828
yd rq real per capita_region,qu;Baseline;2046;30571,859774813;291,998903943184
yd rq real per capita_region,qu;Baseline;2047;30721,4829080273;292,569567661185
yd rq real per capita_region,qu;Baseline;2048;30841,6610581993;294,845421395239
yd rq real per capita_region,qu;Baseline;2049;30954,5010016599;304,378593550555
yd rq real per capita_region,qu;Baseline;2050;31049,9301546377;302,145676767346
yd rq real per capita_region,qu;Baseline;2010;32537,8871274692;0,0
yd rq real per capita_region,qu;Baseline;2011;32548,39705666;21,098137059922
yd rq real per capita_region,qu;Baseline;2012;32630,3816200756;43,2460528430274
yd rq real per capita_region,qu;Baseline;2013;32894,4931467976;52,9731771049228
yd rq real per capita_region,qu;Baseline;2014;33075,0569121146;61,600839835166
yd rq real per capita_region,qu;Baseline;2015;33338,0485849916;72,1626145892042
yd rq real per capita_region,qu;Baseline;2016;33527,265687102;85,4157374526076
yd rq real per capita_region,qu;Baseline;2017;33717,7285184106;92,6652927892465
yd rq real per capita_region,qu;Baseline;2018;33738,5807588514;104,982428806375
yd rq real per capita_region,qu;Baseline;2019;33652,9175457132;119,996814198632
yd rq real per capita_region,qu;Baseline;2020;31861,4370357533;133,516552486209
yd rq real per capita_region,qu;Baseline;2021;33292,7785380491;151,305720506298
yd rq real per capita_region,qu;Baseline;2022;34492,0057947623;177,136428373244
yd rq real per capita_region,qu;Baseline;2023;34753,5239254732;202,425625584237
yd rq real per capita_region,qu;Baseline;2024;34896,6501500196;186,166045531245
yd rq real per capita_region,qu;Baseline;2025;34995,175762678;197,616152389448
yd rq real per capita_region,qu;Baseline;2026;35163,7322232853;206,372773935807
yd rq real per capita_region,qu;Baseline;2027;34971,8856926449;208,576435907751
yd rq real per capita_region,qu;Baseline;2028;35121,8823532573;207,830139718768
yd rq real per capita_region,qu;Baseline;2029;35295,4407225288;227,734596016289
yd rq real per capita_region,qu;Baseline;2030;35462,5620718958;232,711070520185
yd rq real per capita_region,qu;Baseline;2031;35642,9141822934;235,099952098928
yd rq real per capita_region,qu;Baseline;2032;35821,2749960286;257,845790486826
yd rq real per capita_region,qu;Baseline;2033;35974,2943018954;256,163937951376
yd rq real per capita_region,qu;Baseline;2034;36166,5700380953;272,560951755211
yd rq real per capita_region,qu;Baseline;2035;36383,7859022809;290,30162039067
yd rq real per capita_region,qu;Baseline;2036;36552,8693740497;322,408004038582
yd rq real per capita_region,qu;Baseline;2037;36747,999336771;335,078326266219
yd rq real per capita_region,qu;Baseline;2038;36952,5002415179;342,581828066726
yd rq real per capita_region,qu;Baseline;2039;37182,167549024;353,776052917005
yd rq real per capita_region,qu;Baseline;2040;37422,5200658555;350,431553294475
yd rq real per capita_region,qu;Baseline;2041;37671,096022103;375,850917510801
yd rq real per capita_region,qu;Baseline;2042;37923,9601536626;382,23854497946
yd rq real per capita_region,qu;Baseline;2043;38161,2636084749;400,389002041051
yd rq real per capita_region,qu;Baseline;2044;38408,7993880367;414,454765496644
yd rq real per capita_region,qu;Baseline;2045;38622,7118693655;431,526863709947
yd rq real per capita_region,qu;Baseline;2046;38893,7999827638;450,770031201275
yd rq real per capita_region,qu;Baseline;2047;39153,700208259;470,71286333249
yd rq real per capita_region,qu;Baseline;2048;39434,5651849144;474,582004284151
yd rq real per capita_region,qu;Baseline;2049;39718,6685715681;503,927004465189
yd rq real per capita_region,qu;Baseline;2050;39969,3815926168;511,479013479817
yd rq real per capita_region,qu;Baseline;2010;9438,42098518157;0,0
yd rq real per capita_region,qu;Baseline;2011;9413,64324767646;11,7036843678361
yd rq real per capita_region,qu;Baseline;2012;9417,54234456581;15,9489869517174
yd rq real per capita_region,qu;Baseline;2013;9511,41784091799;22,1062706569628
yd rq real per capita_region,qu;Baseline;2014;9625,91700953635;23,793464827454
yd rq real per capita_region,qu;Baseline;2015;9779,24445707109;27,616345813487
yd rq real per capita_region,qu;Baseline;2016;9932,4562639438;27,1957855092805
yd rq real per capita_region,qu;Baseline;2017;10068,2880503759;31,0280026334713
yd rq real per capita_region,qu;Baseline;2018;10151,9832334966;34,1557287147061
yd rq real per capita_region,qu;Baseline;2019;10217,7589155838;37,3484995259032
yd rq real per capita_region,qu;Baseline;2020;9512,23609207033;38,9828817520656
yd rq real per capita_region,qu;Baseline;2021;10313,3113093137;50,3471404630181
yd rq real per capita_region,qu;Baseline;2022;10930,577365727;58,8742212592961
yd rq real per capita_region,qu;Baseline;2023;11166,7396932405;63,5139838028826
yd rq real per capita_region,qu;Baseline;2024;11263,558695105;67,1125470284996
yd rq real per capita_region,qu;Baseline;2025;11336,2180992693;69,4400134119842
yd rq real per capita_region,qu;Baseline;2026;11436,526044909;73,527039946086
yd rq real per capita_region,qu;Baseline;2027;11374,5992683839;73,7111642037798
yd rq real per capita_region,qu;Baseline;2028;11433,4674181478;71,8170479307482
yd rq real per capita_region,qu;Baseline;2029;11532,6913741605;73,2663035655623
yd rq real per capita_region,qu;Baseline;2030;11638,9959485281;72,6487044712412
yd rq real per capita_region,qu;Baseline;2031;11730,0187501519;75,009915537642
yd rq real per capita_region,qu;Baseline;2032;11823,3472314735;74,0301512535343
yd rq real per capita_region,qu;Baseline;2033;11912,5179763691;81,5261196827041
yd rq real per capita_region,qu;Baseline;2034;11995,4306204807;83,7244122677666
yd rq real per capita_region,qu;Baseline;2035;12117,7075211568;90,7535131586519
yd rq real per capita_region,qu;Baseline;2036;12191,8235874825;92,3631110439119
yd rq real per capita_region,qu;Baseline;2037;12259,7321714303;96,1690954712594
yd rq real per capita_region,qu;Baseline;2038;12327,2883649264;95,414863108017
yd rq real per capita_region,qu;Baseline;2039;12418,2912532491;95,8174400990438
yd rq real per capita_region,qu;Baseline;2040;12504,0937411598;97,9578995012771
yd rq real per capita_region,qu;Baseline;2041;12604,9573843341;102,533475661226
yd rq real per capita_region,qu;Baseline;2042;12700,685474772;101,914199295051
yd rq real per capita_region,qu;Baseline;2043;12780,9756143569;103,23980020474
yd rq real per capita_region,qu;Baseline;2044;12870,0703387501;111,166081705423
yd rq real per capita_region,qu;Baseline;2045;12955,8442966703;119,523339922257
yd rq real per capita_region,qu;Baseline;2046;13027,1503834373;116,958729478285
yd rq real per capita_region,qu;Baseline;2047;13129,2457633702;123,626451986868
yd rq real per capita_region,qu;Baseline;2048;13221,5630048547;130,140231123216
yd rq real per capita_region,qu;Baseline;2049;13304,3198246998;125,140028893839
yd rq real per capita_region,qu;Baseline;2050;13375,7509631932;129,474715373884
yd rq real per capita_region,qu;Baseline;2010;12363,5300817108;0,0
yd rq real per capita_region,qu;Baseline;2011;12382,6423292709;6,8373820015413
yd rq real per capita_region,qu;Baseline;2012;12420,8572755194;17,0725146165632
yd rq real per capita_region,qu;Baseline;2013;12538,2396926102;24,3070129668922
yd rq real per capita_region,qu;Baseline;2014;12652,11373861;30,854697341254
yd rq real per capita_region,qu;Baseline;2015;12808,2716625797;35,922669554946
yd rq real per capita_region,qu;Baseline;2016;12952,3652462425;38,9219506307354
yd rq real per capita_region,qu;Baseline;2017;13081,8647881697;41,4188570756023
yd rq real per capita_region,qu;Baseline;2018;13170,4021373777;46,8941419675775
yd rq real per capita_region,qu;Baseline;2019;13231,7672032443;50,6649885308616
yd rq real per capita_region,qu;Baseline;2020;12478,263667092;47,2796417755389
yd rq real per capita_region,qu;Baseline;2021;13321,6206040658;62,8624319090186
yd rq real per capita_region,qu;Baseline;2022;13915,3347764703;74,1408062865103
yd rq real per capita_region,qu;Baseline;2023;14108,7614209991;82,8337446775613
yd rq real per capita_region,qu;Baseline;2024;14195,1912828078;84,1274435211972
yd rq real per capita_region,qu;Baseline;2025;14267,78204538;89,5756501509277
yd rq real per capita_region,qu;Baseline;2026;14374,6271856127;94,6734552453627
yd rq real per capita_region,qu;Baseline;2027;14368,9959365437;94,9102170118385
yd rq real per capita_region,qu;Baseline;2028;14449,1053097413;97,5522657488364
yd rq real per capita_region,qu;Baseline;2029;14547,9385815776;93,0651608062526
yd rq real per capita_region,qu;Baseline;2030;14652,1963607952;95,2904606711063
yd rq real per capita_region,qu;Baseline;2031;14738,901601253;92,648064757298
yd rq real per capita_region,qu;Baseline;2032;14832,0747542499;100,804178637633
yd rq real per capita_region,qu;Baseline;2033;14912,158062992;107,932410542223
yd rq real per capita_region,qu;Baseline;2034;14991,4975122404;112,991967807934
yd rq real per capita_region,qu;Baseline;2035;15096,4457091628;111,527412000373
yd rq real per capita_region,qu;Baseline;2036;15172,037154271;117,388980077484
yd rq real per capita_region,qu;Baseline;2037;15234,0712988447;121,476212061499
yd rq real per capita_region,qu;Baseline;2038;15304,0635378724;127,383376378535
yd rq real per capita_region,qu;Baseline;2039;15392,6873950506;130,254390251684
yd rq real per capita_region,qu;Baseline;2040;15469,4290344101;132,061741924969
yd rq real per capita_region,qu;Baseline;2041;15569,5830685086;131,904310791077
yd rq real per capita_region,qu;Baseline;2042;15659,1402564629;131,853180852209
yd rq real per capita_region,qu;Baseline;2043;15720,0551882048;136,066168593044
yd rq real per capita_region,qu;Baseline;2044;15804,966045857;131,978933334023
yd rq real per capita_region,qu;Baseline;2045;15884,6275380097;140,025972402665
yd rq real per capita_region,qu;Baseline;2046;15961,7771974439;151,902355814957
yd rq real per capita_region,qu;Baseline;2047;16045,4173072725;148,730883391659
yd rq real per capita_region,qu;Baseline;2048;16135,0514260549;153,911941939577
yd rq real per capita_region,qu;Baseline;2049;16203,8974762687;157,617659230915
yd rq real per capita_region,qu;Baseline;2050;16275,3890645024;153,980726402994
yd rq real per capita_region,qu;Baseline;2010;16369,4990289715;0,0
yd rq real per capita_region,qu;Baseline;2011;16364,404129746;6,92999251932179
yd rq real per capita_region,qu;Baseline;2012;16376,9450834278;23,6649824815222
yd rq real per capita_region,qu;Baseline;2013;16497,8506890839;32,497441349522
yd rq real per capita_region,qu;Baseline;2014;16603,6199972929;38,9892361218554
yd rq real per capita_region,qu;Baseline;2015;16772,8195273752;45,3783112797664
yd rq real per capita_region,qu;Baseline;2016;16923,3709258185;49,0260427276553
yd rq real per capita_region,qu;Baseline;2017;17050,2226151225;55,3997073364026
yd rq real per capita_region,qu;Baseline;2018;17123,5007854094;59,734052768179
yd rq real per capita_region,qu;Baseline;2019;17173,8635697002;64,7731683990041
yd rq real per capita_region,qu;Baseline;2020;16367,1839824814;66,4940239859052
yd rq real per capita_region,qu;Baseline;2021;17198,6402966918;85,2178125654973
yd rq real per capita_region,qu;Baseline;2022;17829,276386335;100,553463097534
yd rq real per capita_region,qu;Baseline;2023;18014,6470512156;112,345657436879
yd rq real per capita_region,qu;Baseline;2024;18081,2979268056;110,564014415817
yd rq real per capita_region,qu;Baseline;2025;18137,9547582629;115,708388977691
yd rq real per capita_region,qu;Baseline;2026;18242,7014410437;122,808177507279
yd rq real per capita_region,qu;Baseline;2027;18218,9581609204;120,847713006073
yd rq real per capita_region,qu;Baseline;2028;18309,3164220903;126,231428323055
yd rq real per capita_region,qu;Baseline;2029;18402,075910675;119,037998863507
yd rq real per capita_region,qu;Baseline;2030;18507,7203070298;124,665734814096
yd rq real per capita_region,qu;Baseline;2031;18591,6068920956;124,942940791716
yd rq real per capita_region,qu;Baseline;2032;18686,6280931131;131,615718711468
yd rq real per capita_region,qu;Baseline;2033;18770,9135719645;145,305965410856
yd rq real per capita_region,qu;Baseline;2034;18847,2987912085;142,186545720384
yd rq real per capita_region,qu;Baseline;2035;18954,6778270792;144,76657029516
yd rq real per capita_region,qu;Baseline;2036;19024,2147242047;149,794880258756
yd rq real per capita_region,qu;Baseline;2037;19083,6552889575;152,813529769473
yd rq real per capita_region,qu;Baseline;2038;19155,0077609517;161,488752412735
yd rq real per capita_region,qu;Baseline;2039;19242,0639136912;166,494068987826
yd rq real per capita_region,qu;Baseline;2040;19330,9877450224;171,962826688397
yd rq real per capita_region,qu;Baseline;2041;19434,4827964892;172,646505240617
yd rq real per capita_region,qu;Baseline;2042;19527,1550260599;172,01587437655
yd rq real per capita_region,qu;Baseline;2043;19591,4436887121;172,473109411711
yd rq real per capita_region,qu;Baseline;2044;19673,2284809426;167,940786809808
yd rq real per capita_region,qu;Baseline;2045;19750,2867896841;178,939894498211
yd rq real per capita_region,qu;Baseline;2046;19833,6131406913;184,122862811866
yd rq real per capita_region,qu;Baseline;2047;19914,5291141453;183,849632221329
yd rq real per capita_region,qu;Baseline;2048;20008,5126388601;190,675959533028
yd rq real per capita_region,qu;Baseline;2049;20069,1533955045;197,269589124187
yd rq real per capita_region,qu;Baseline;2050;20138,3725396582;193,879961757992
yd rq real per capita_region,qu;Baseline;2010;19425,1853920676;0,0
yd rq real per capita_region,qu;Baseline;2011;19406,9481853038;6,2901099886185
yd rq real per capita_region,qu;Baseline;2012;19419,4590078613;26,6301905509226
yd rq real per capita_region,qu;Baseline;2013;19553,3042342719;35,6455539993458
yd rq real per capita_region,qu;Baseline;2014;19663,374328162;45,0968445490562
yd rq real per capita_region,qu;Baseline;2015;19846,3931907821;51,169253064958
yd rq real per capita_region,qu;Baseline;2016;19995,5997391918;56,133841031351
yd rq real per capita_region,qu;Baseline;2017;20128,1853295456;62,7147444318452
yd rq real per capita_region,qu;Baseline;2018;20193,1850854162;69,1288945460328
yd rq real per capita_region,qu;Baseline;2019;20219,203856069;77,6371837236547
yd rq real per capita_region,qu;Baseline;2020;19261,3977669842;78,245628558423
yd rq real per capita_region,qu;Baseline;2021;20198,555002819;100,520940939892
yd rq real per capita_region,qu;Baseline;2022;20904,3565588919;117,501076258768
yd rq real per capita_region,qu;Baseline;2023;21098,4583758109;123,276869861309
yd rq real per capita_region,qu;Baseline;2024;21169,8858977354;123,848638631331
yd rq real per capita_region,qu;Baseline;2025;21221,4198219386;130,954884024539
yd rq real per capita_region,qu;Baseline;2026;21335,1857173699;135,396575517145
yd rq real per capita_region,qu;Baseline;2027;21287,0525889978;138,794036296971
yd rq real per capita_region,qu;Baseline;2028;21383,0954777806;137,560383688491
yd rq real per capita_region,qu;Baseline;2029;21498,1273800139;141,841272612466
yd rq real per capita_region,qu;Baseline;2030;21597,6528935228;137,535333459115
yd rq real per capita_region,qu;Baseline;2031;21691,3173014308;139,862054160893
yd rq real per capita_region,qu;Baseline;2032;21802,8196751118;161,306484066867
yd rq real per capita_region,qu;Baseline;2033;21893,4415689574;168,077796177396
yd rq real per capita_region,qu;Baseline;2034;21973,0902567408;169,367595810994
yd rq real per capita_region,qu;Baseline;2035;22091,7725074357;173,961232792568
yd rq real per capita_region,qu;Baseline;2036;22173,7538848039;187,349235015441
yd rq real per capita_region,qu;Baseline;2037;22247,4928409413;185,7817298555
yd rq real per capita_region,qu;Baseline;2038;22326,7201097237;191,574045664427
yd rq real per capita_region,qu;Baseline;2039;22434,3275158798;193,723145569949
yd rq real per capita_region,qu;Baseline;2040;22523,8024616217;202,939918810575
yd rq real per capita_region,qu;Baseline;2041;22635,9538855065;207,210706458965
yd rq real per capita_region,qu;Baseline;2042;22749,0167308843;208,135196150462
yd rq real per capita_region,qu;Baseline;2043;22826,0669054189;210,27284605989
yd rq real per capita_region,qu;Baseline;2044;22918,1727848628;210,810945693902
yd rq real per capita_region,qu;Baseline;2045;23015,7194814758;219,412590521593
yd rq real per capita_region,qu;Baseline;2046;23110,9725784165;224,332905165409
yd rq real per capita_region,qu;Baseline;2047;23205,7710350872;228,930704962488
yd rq real per capita_region,qu;Baseline;2048;23313,9700990259;234,9063630366
yd rq real per capita_region,qu;Baseline;2049;23392,2834806773;226,924239207532
yd rq real per capita_region,qu;Baseline;2050;23480,2981960503;238,265579889006
yd rq real per capita_region,qu;Baseline;2010;31823,5443708357;0,0
yd rq real per capita_region,qu;Baseline;2011;31957,5484073536;15,9153799955548
yd rq real per capita_region,qu;Baseline;2012;32159,4601201625;45,388361425441
yd rq real per capita_region,qu;Baseline;2013;32481,699447646;50,3997172022064
yd rq real per capita_region,qu;Baseline;2014;32691,4935285035;62,9071481361025
yd rq real per capita_region,qu;Baseline;2015;32966,8452225872;69,4898687948844
yd rq real per capita_region,qu;Baseline;2016;33143,0455701157;80,6890942806276
yd rq real per capita_region,qu;Baseline;2017;33341,2826022997;90,2315130266543
yd rq real per capita_region,qu;Baseline;2018;33365,0526177576;102,225927605021
yd rq real per capita_region,qu;Baseline;2019;33262,3075446865;113,683756304828
yd rq real per capita_region,qu;Baseline;2020;31526,0061144418;143,26829293023
yd rq real per capita_region,qu;Baseline;2021;32942,2148362567;152,128804115579
yd rq real per capita_region,qu;Baseline;2022;34165,5641724377;179,300814214166
yd rq real per capita_region,qu;Degrowth;2010;10055,0096269394;0,0
yd rq real per capita_region,qu;Degrowth;2011;9948,05774778283;20,1801176126692
yd rq real per capita_region,qu;Degrowth;2012;9867,98461583321;23,1493130098215
yd rq real per capita_region,qu;Degrowth;2013;9914,92936780318;24,5246477359933
yd rq real per capita_region,qu;Degrowth;2014;10001,8465108139;28,9300393474814
yd rq real per capita_region,qu;Degrowth;2015;10144,7113456561;28,3490037127676
yd rq real per capita_region,qu;Degrowth;2016;10301,6632744247;29,6037455002261
yd rq real per capita_region,qu;Degrowth;2017;10432,1570337236;34,2610273173486
yd rq real per capita_region,qu;Degrowth;2018;10488,8080897205;37,2206453623894
yd rq real per capita_region,qu;Degrowth;2019;10530,8505490627;39,9399467520179
yd rq real per capita_region,qu;Degrowth;2020;9898,95903034907;43,4022316145483
yd rq real per capita_region,qu;Degrowth;2021;10599,7613198169;52,0344571958776
yd rq real per capita_region,qu;Degrowth;2022;11231,9110307166;57,6741115937784
yd rq real per capita_region,qu;Degrowth;2023;11493,8781408636;63,6430647800953
yd rq real per capita_region,qu;Degrowth;2024;11587,2908351008;72,3255170195516
yd rq real per capita_region,qu;Degrowth;2025;11645,1595020349;68,9526420395805
yd rq real per capita_region,qu;Degrowth;2026;11694,4337428597;67,7743657970486
yd rq real per capita_region,qu;Degrowth;2027;11501,2241263811;69,6755451404679
yd rq real per capita_region,qu;Degrowth;2028;11467,2938295012;68,064855057426
yd rq real per capita_region,qu;Degrowth;2029;11496,5992787038;71,33340742989
yd rq real per capita_region,qu;Degrowth;2030;11509,6052340469;72,9541305759767
yd rq real per capita_region,qu;Degrowth;2031;11517,5728882115;72,4379993445018
yd rq real per capita_region,qu;Degrowth;2032;11529,176343232;75,9492548490116
yd rq real per capita_region,qu;Degrowth;2033;11543,9108168378;75,2683331758981
yd rq real per capita_region,qu;Degrowth;2034;11560,767939462;82,5641835706674
yd rq real per capita_region,qu;Degrowth;2035;11635,9304377944;84,953921961217
yd rq real per capita_region,qu;Degrowth;2036;11628,3345241248;83,1907762760266
yd rq real per capita_region,qu;Degrowth;2037;11612,6646441705;82,4173801094194
yd rq real per capita_region,qu;Degrowth;2038;11596,5564406668;89,0629283176704
yd rq real per capita_region,qu;Degrowth;2039;11601,2468820228;88,4301873000586
yd rq real per capita_region,qu;Degrowth;2040;11599,4651430331;84,7249831787158
yd rq real per capita_region,qu;Degrowth;2041;11596,9835497933;81,5775480419761
yd rq real per capita_region,qu;Degrowth;2042;11583,6294516137;75,9964254435608
yd rq real per capita_region,qu;Degrowth;2043;11536,0163278957;81,9701283262157
yd rq real per capita_region,qu;Degrowth;2044;11497,1972787613;80,4237476015451
yd rq real per capita_region,qu;Degrowth;2045;11438,7775430107;89,3251118591897
yd rq real per capita_region,qu;Degrowth;2046;11352,4511880503;81,5263743905352
yd rq real per capita_region,qu;Degrowth;2047;11330,752708877;94,4018152935323
yd rq real per capita_region,qu;Degrowth;2048;11278,2773801309;87,8257819619766
yd rq real per capita_region,qu;Degrowth;2049;11217,5052014121;87,9358365154312
yd rq real per capita_region,qu;Degrowth;2050;11146,4735540337;91,5170335583207
yd rq real per capita_region,qu;Degrowth;2010;15171,2133248998;0,0
yd rq real per capita_region,qu;Degrowth;2011;15107,2507918191;10,8785157199118
yd rq real per capita_region,qu;Degrowth;2012;15050,4595547863;20,3537548124468
yd rq real per capita_region,qu;Degrowth;2013;15133,2564920258;27,5385646839913
yd rq real per capita_region,qu;Degrowth;2014;15224,8969512642;32,8812518430668
yd rq real per capita_region,qu;Degrowth;2015;15376,8376360107;35,440636867791
yd rq real per capita_region,qu;Degrowth;2016;15524,7433128033;35,8037106486554
yd rq real per capita_region,qu;Degrowth;2017;15638,4857681546;43,843663968868
yd rq real per capita_region,qu;Degrowth;2018;15692,7778031156;46,1873057500761
yd rq real per capita_region,qu;Degrowth;2019;15722,2291320156;51,7681319393887
yd rq real per capita_region,qu;Degrowth;2020;14981,2129142518;55,4834449717446
yd rq real per capita_region,qu;Degrowth;2021;15755,7798631509;67,3843973352659
yd rq real per capita_region,qu;Degrowth;2022;16402,9198948058;78,6968440457595
yd rq real per capita_region,qu;Degrowth;2023;16611,0668321185;94,1579992208226
yd rq real per capita_region,qu;Degrowth;2024;16654,1520597428;92,111194819372
yd rq real per capita_region,qu;Degrowth;2025;16691,6007012854;94,7540251876599
yd rq real per capita_region,qu;Degrowth;2026;16730,2615432355;102,509469620689
yd rq real per capita_region,qu;Degrowth;2027;16580,7906064504;104,320251648423
yd rq real per capita_region,qu;Degrowth;2028;16576,9553657778;101,170551066705
yd rq real per capita_region,qu;Degrowth;2029;16592,6228901015;107,962782403316
yd rq real per capita_region,qu;Degrowth;2030;16611,9000329523;108,199567459738
yd rq real per capita_region,qu;Degrowth;2031;16606,508777563;102,769753211613
yd rq real per capita_region,qu;Degrowth;2032;16622,4805162744;109,736413593384
yd rq real per capita_region,qu;Degrowth;2033;16622,6081165829;119,645918289903
yd rq real per capita_region,qu;Degrowth;2034;16601,3987626089;117,489856413318
yd rq real per capita_region,qu;Degrowth;2035;16643,1689938111;121,805859103963
yd rq real per capita_region,qu;Degrowth;2036;16625,629470053;123,669499246082
yd rq real per capita_region,qu;Degrowth;2037;16590,5144608848;125,194413218156
yd rq real per capita_region,qu;Degrowth;2038;16560,2947776696;126,686396144267
yd rq real per capita_region,qu;Degrowth;2039;16552,9179486255;119,078541377634
yd rq real per capita_region,qu;Degrowth;2040;16533,7508197559;114,168911854442
yd rq real per capita_region,qu;Degrowth;2041;16509,0101896234;111,416273957024
yd rq real per capita_region,qu;Degrowth;2042;16468,9583036246;108,965174694613
yd rq real per capita_region,qu;Degrowth;2043;16410,5124674336;104,327088362604
yd rq real per capita_region,qu;Degrowth;2044;16358,0181352196;104,070769749022
yd rq real per capita_region,qu;Degrowth;2045;16286,7375992548;107,481917666315
yd rq real per capita_region,qu;Degrowth;2046;16207,5446535504;112,849075659243
yd rq real per capita_region,qu;Degrowth;2047;16164,0603994497;112,694173210656
yd rq real per capita_region,qu;Degrowth;2048;16107,1334089101;116,478453131063
yd rq real per capita_region,qu;Degrowth;2049;16020,0395599754;114,799506376718
yd rq real per capita_region,qu;Degrowth;2050;15925,1044942277;114,606940532356
yd rq real per capita_region,qu;Degrowth;2010;19492,7127500776;0,0
yd rq real per capita_region,qu;Degrowth;2011;19415,9685359436;8,88524976520057
yd rq real per capita_region,qu;Degrowth;2012;19339,9226937459;27,7839681693822
yd rq real per capita_region,qu;Degrowth;2013;19432,2260093433;37,209843356437
yd rq real per capita_region,qu;Degrowth;2014;19518,8538346876;44,6761371422126
yd rq real per capita_region,qu;Degrowth;2015;19687,9535037243;49,1027219346797
yd rq real per capita_region,qu;Degrowth;2016;19831,6243126615;53,3723762427817
yd rq real per capita_region,qu;Degrowth;2017;19946,7344092153;61,6583228263717
yd rq real per capita_region,qu;Degrowth;2018;19985,9367861327;64,9156429172381
yd rq real per capita_region,qu;Degrowth;2019;19996,2177423261;69,7805130381421
yd rq real per capita_region,qu;Degrowth;2020;19024,5678942525;76,7915875757062
yd rq real per capita_region,qu;Degrowth;2021;19943,6618848479;101,150417780207
yd rq real per capita_region,qu;Degrowth;2022;20709,134519792;111,258659634235
yd rq real per capita_region,qu;Degrowth;2023;20905,6199521381;123,834189063686
yd rq real per capita_region,qu;Degrowth;2024;20946,047377074;129,848923604268
yd rq real per capita_region,qu;Degrowth;2025;20975,7196235535;128,465914831239
yd rq real per capita_region,qu;Degrowth;2026;20999,6843336575;143,615486537115
yd rq real per capita_region,qu;Degrowth;2027;20836,6177303434;140,307804336169
yd rq real per capita_region,qu;Degrowth;2028;20831,4720335772;138,31649020869
yd rq real per capita_region,qu;Degrowth;2029;20849,430672675;147,334923374143
yd rq real per capita_region,qu;Degrowth;2030;20861,067675943;143,358294425569
yd rq real per capita_region,qu;Degrowth;2031;20848,6232166575;141,019661643042
yd rq real per capita_region,qu;Degrowth;2032;20855,3502529033;156,965160348136
yd rq real per capita_region,qu;Degrowth;2033;20845,0817937674;171,217007236808
yd rq real per capita_region,qu;Degrowth;2034;20813,2746097578;161,736648053873
yd rq real per capita_region,qu;Degrowth;2035;20843,3546404654;163,544682595462
yd rq real per capita_region,qu;Degrowth;2036;20814,5900309072;174,916813604737
yd rq real per capita_region,qu;Degrowth;2037;20759,2486992279;176,956845250001
yd rq real per capita_region,qu;Degrowth;2038;20724,2901931711;176,181067142274
yd rq real per capita_region,qu;Degrowth;2039;20699,5227232714;169,248628208707
yd rq real per capita_region,qu;Degrowth;2040;20669,0469786933;162,269628871829
yd rq real per capita_region,qu;Degrowth;2041;20631,9398367449;154,276727704611
yd rq real per capita_region,qu;Degrowth;2042;20572,7780203075;144,092508912014
yd rq real per capita_region,qu;Degrowth;2043;20489,8612797644;140,969281745321
yd rq real per capita_region,qu;Degrowth;2044;20416,2256798622;142,530245618278
yd rq real per capita_region,qu;Degrowth;2045;20331,026071592;143,120785767003
yd rq real per capita_region,qu;Degrowth;2046;20241,6917937976;143,835733362714
yd rq real per capita_region,qu;Degrowth;2047;20171,8625583695;142,919773434207
yd rq real per capita_region,qu;Degrowth;2048;20098,992376481;149,830844120839
yd rq real per capita_region,qu;Degrowth;2049;19985,6898705334;145,799478136887
yd rq real per capita_region,qu;Degrowth;2050;19867,9748721128;146,204566655057
yd rq real per capita_region,qu;Degrowth;2010;21371,8925165531;0,0
yd rq real per capita_region,qu;Degrowth;2011;21276,9920466615;7,24132892144189
yd rq real per capita_region,qu;Degrowth;2012;21203,4011886434;27,3061565887674
yd rq real per capita_region,qu;Degrowth;2013;21293,6656769209;37,0267973291411
yd rq real per capita_region,qu;Degrowth;2014;21371,785398021;44,6352908119406
yd rq real per capita_region,qu;Degrowth;2015;21528,7819542289;51,4180584075693
yd rq real per capita_region,qu;Degrowth;2016;21656,9839791128;51,7653592925562
yd rq real per capita_region,qu;Degrowth;2017;21758,739347293;59,5664395734402
yd rq real per capita_region,qu;Degrowth;2018;21777,2437708171;64,2397833201903
yd rq real per capita_region,qu;Degrowth;2019;21759,5205623027;74,8594983266466
yd rq real per capita_region,qu;Degrowth;2020;20921,8809698278;79,8113828432142
yd rq real per capita_region,qu;Degrowth;2021;21697,8760911825;102,838833399343
yd rq real per capita_region,qu;Degrowth;2022;22361,7308939232;110,317552241571
yd rq real per capita_region,qu;Degrowth;2023;22540,1559215258;122,028698257062
yd rq real per capita_region,qu;Degrowth;2024;22561,8087950057;127,602051753474
yd rq real per capita_region,qu;Degrowth;2025;22572,9446359995;128,690365609214
yd rq real per capita_region,qu;Degrowth;2026;22584,7017789867;136,058432938988
yd rq real per capita_region,qu;Degrowth;2027;22390,7403671095;136,549581796979
yd rq real per capita_region,qu;Degrowth;2028;22373,506894491;138,938230834176
yd rq real per capita_region,qu;Degrowth;2029;22374,0031263087;135,867256306747
yd rq real per capita_region,qu;Degrowth;2030;22364,8516403424;143,64773646904
yd rq real per capita_region,qu;Degrowth;2031;22341,6026461848;142,28744922666
yd rq real per capita_region,qu;Degrowth;2032;22332,1273021669;155,816131035617
yd rq real per capita_region,qu;Degrowth;2033;22311,1018871246;164,359370258364
yd rq real per capita_region,qu;Degrowth;2034;22278,1369833911;163,412032040153
yd rq real per capita_region,qu;Degrowth;2035;22290,1193452295;169,426896753204
yd rq real per capita_region,qu;Degrowth;2036;22247,0362392873;176,710452722091
yd rq real per capita_region,qu;Degrowth;2037;22190,7659125142;179,794213460424
yd rq real per capita_region,qu;Degrowth;2038;22151,4546285006;176,324505005849
yd rq real per capita_region,qu;Degrowth;2039;22112,86375818;168,016035490484
yd rq real per capita_region,qu;Degrowth;2040;22068,8841728965;166,083641400753
yd rq real per capita_region,qu;Degrowth;2041;22027,2271639136;158,801704605115
yd rq real per capita_region,qu;Degrowth;2042;21960,2687089129;143,316055312946
yd rq real per capita_region,qu;Degrowth;2043;21869,3051843839;143,680794742239
yd rq real per capita_region,qu;Degrowth;2044;21782,2538912682;143,661464097122
yd rq real per capita_region,qu;Degrowth;2045;21680,8564072507;148,381190266649
yd rq real per capita_region,qu;Degrowth;2046;21589,9923870996;148,077301298781
yd rq real per capita_region,qu;Degrowth;2047;21505,5761741872;151,406081400659
yd rq real per capita_region,qu;Degrowth;2048;21417,9090562383;157,05727143779
yd rq real per capita_region,qu;Degrowth;2049;21301,9801372662;160,558522317837
yd rq real per capita_region,qu;Degrowth;2050;21173,79750868;154,119591116732
yd rq real per capita_region,qu;Degrowth;2010;32616,2690702346;0,0
yd rq real per capita_region,qu;Degrowth;2011;32601,3158236343;17,1284413671547
yd rq real per capita_region,qu;Degrowth;2012;32662,8875469615;43,1204255008452
yd rq real per capita_region,qu;Degrowth;2013;32913,7642505536;50,1442913556639
yd rq real per capita_region,qu;Degrowth;2014;33095,7711068959;60,3445497549437
yd rq real per capita_region,qu;Degrowth;2015;33357,1521177555;71,0851324055802
yd rq real per capita_region,qu;Degrowth;2016;33546,4429430304;78,4594328044841
yd rq real per capita_region,qu;Degrowth;2017;33738,7092017228;87,8909795170039
yd rq real per capita_region,qu;Degrowth;2018;33738,987219054;103,064917215172
yd rq real per capita_region,qu;Degrowth;2019;33625,4619743106;118,075235778299
yd rq real per capita_region,qu;Degrowth;2020;32088,7882571487;142,180357199333
yd rq real per capita_region,qu;Degrowth;2021;33325,7413487431;154,021032973626
yd rq real per capita_region,qu;Degrowth;2022;34446,398721888;168,664272620404
yd rq real per capita_region,qu;Degrowth;2023;34720,0642569854;169,620924844639
yd rq real per capita_region,qu;Degrowth;2024;34838,4070765914;179,461924051921
yd rq real per capita_region,qu;Degrowth;2025;34905,4061197453;182,118066607487
yd rq real per capita_region,qu;Degrowth;2026;34946,7946088306;185,544583748815
yd rq real per capita_region,qu;Degrowth;2027;34616,0629861607;198,445318337781
yd rq real per capita_region,qu;Degrowth;2028;34606,6352202432;203,185758578133
yd rq real per capita_region,qu;Degrowth;2029;34651,1438759901;217,625200167597
yd rq real per capita_region,qu;Degrowth;2030;34686,0652316205;230,969025760202
yd rq real per capita_region,qu;Degrowth;2031;34713,6024562341;234,043977317862
yd rq real per capita_region,qu;Degrowth;2032;34745,9298574585;244,496691323959
yd rq real per capita_region,qu;Degrowth;2033;34777,340346742;259,464794372208
yd rq real per capita_region,qu;Degrowth;2034;34788,4664956346;278,639032215739
yd rq real per capita_region,qu;Degrowth;2035;34863,0271566932;280,613421577298
yd rq real per capita_region,qu;Degrowth;2036;34897,2265576511;302,183143292623
yd rq real per capita_region,qu;Degrowth;2037;34934,5462674611;294,902446083415
yd rq real per capita_region,qu;Degrowth;2038;34990,201084885;275,595624517431
yd rq real per capita_region,qu;Degrowth;2039;35019,346082645;248,017473470139
yd rq real per capita_region,qu;Degrowth;2040;34977,3568385378;222,197923461023
yd rq real per capita_region,qu;Degrowth;2041;34902,0459319876;211,21939381073
yd rq real per capita_region,qu;Degrowth;2042;34802,4231260396;206,774043215595
yd rq real per capita_region,qu;Degrowth;2043;34676,2749740942;211,5914698337
yd rq real per capita_region,qu;Degrowth;2044;34548,0330744984;220,047659799806
yd rq real per capita_region,qu;Degrowth;2045;34365,0870220971;228,41633025376
yd rq real per capita_region,qu;Degrowth;2046;34200,205745258;221,829232825683
yd rq real per capita_region,qu;Degrowth;2047;34050,8454117688;246,294958866732
yd rq real per capita_region,qu;Degrowth;2048;33881,1359467376;260,696859510928
yd rq real per capita_region,qu;Degrowth;2049;33698,4844640509;267,869731226772
yd rq real per capita_region,qu;Degrowth;2050;33516,7572171897;256,471238348298
yd rq real per capita_region,qu;Degrowth;2010;13711,7986814287;0,0
yd rq real per capita_region,qu;Degrowth;2011;13642,0337936298;15,634007913146
yd rq real per capita_region,qu;Degrowth;2012;13546,9366012529;21,2959621788004
yd rq real per capita_region,qu;Degrowth;2013;13610,4206135039;29,5996811725536
yd rq real per capita_region,qu;Degrowth;2014;13705,8029602523;31,6967916441181
yd rq real per capita_region,qu;Degrowth;2015;13862,61590828;34,9350346090687
yd rq real per capita_region,qu;Degrowth;2016;14028,37343229;32,1336746000452
yd rq real per capita_region,qu;Degrowth;2017;14158,7327357885;38,6481810570167
yd rq real per capita_region,qu;Degrowth;2018;14209,0754715369;40,3206783630358
yd rq real per capita_region,qu;Degrowth;2019;14245,3549841785;44,2446846595276
yd rq real per capita_region,qu;Degrowth;2020;13672,9336762343;47,9960639026785
yd rq real per capita_region,qu;Degrowth;2021;14270,6577068569;61,6598868621695
yd rq real per capita_region,qu;Degrowth;2022;14928,5953557485;67,4154741925604
yd rq real per capita_region,qu;Degrowth;2023;15154,2832713489;76,1096124175119
yd rq real per capita_region,qu;Degrowth;2024;15229,6998772907;79,3657776182599
yd rq real per capita_region,qu;Degrowth;2025;15282,7690521993;81,2912306942444
yd rq real per capita_region,qu;Degrowth;2026;15337,0365943976;88,4317684261259
yd rq real per capita_region,qu;Degrowth;2027;15128,9940564575;87,1105598104396
yd rq real per capita_region,qu;Degrowth;2028;15130,8368576039;83,6625321723486
yd rq real per capita_region,qu;Degrowth;2029;15167,2782592825;83,5110465759126
yd rq real per capita_region,qu;Degrowth;2030;15185,0625732743;85,3657417279992
yd rq real per capita_region,qu;Degrowth;2031;15201,81268324;80,3060758664242
yd rq real per capita_region,qu;Degrowth;2032;15223,7558962781;87,581920243616
yd rq real per capita_region,qu;Degrowth;2033;15232,6036513282;94,7719009527455
yd rq real per capita_region,qu;Degrowth;2034;15235,5359285731;99,899118379325
yd rq real per capita_region,qu;Degrowth;2035;15313,8691480945;99,2025482817544
yd rq real per capita_region,qu;Degrowth;2036;15285,0090995007;96,9237154827779
yd rq real per capita_region,qu;Degrowth;2037;15259,5525382258;99,7832964246527
yd rq real per capita_region,qu;Degrowth;2038;15237,6771741056;101,216518008047
yd rq real per capita_region,qu;Degrowth;2039;15237,7080374007;93,3534355574375
yd rq real per capita_region,qu;Degrowth;2040;15223,994499142;92,417300358783
yd rq real per capita_region,qu;Degrowth;2041;15224,1400115982;92,0673996167407
yd rq real per capita_region,qu;Degrowth;2042;15208,9741904137;88,2430138779609
yd rq real per capita_region,qu;Degrowth;2043;15145,2546172155;91,8258858914278
yd rq real per capita_region,qu;Degrowth;2044;15101,9216591455;91,320026233946
yd rq real per capita_region,qu;Degrowth;2045;15032,2734228585;96,9859439691145
yd rq real per capita_region,qu;Degrowth;2046;14955,9799728345;89,9819624445854
yd rq real per capita_region,qu;Degrowth;2047;14935,7661669044;100,374394978559
yd rq real per capita_region,qu;Degrowth;2048;14876,7603166218;99,5440055706094
yd rq real per capita_region,qu;Degrowth;2049;14802,7260085552;93,0079425521499
yd rq real per capita_region,qu;Degrowth;2050;14710,1961818052;91,8013488102952
yd rq real per capita_region,qu;Degrowth;2010;12740,8649534873;0,0
yd rq real per capita_region,qu;Degrowth;2011;12751,0496698573;5,56362958136833
yd rq real per capita_region,qu;Degrowth;2012;12738,3765478042;16,8979870437306
yd rq real per capita_region,qu;Degrowth;2013;12839,3912198788;24,6912499620785
yd rq real per capita_region,qu;Degrowth;2014;12939,6543356676;31,3539744372429
yd rq real per capita_region,qu;Degrowth;2015;13081,8567602037;35,4757053647772
yd rq real per capita_region,qu;Degrowth;2016;13210,3397328609;36,8391317022033
yd rq real per capita_region,qu;Degrowth;2017;13316,5945262722;40,5980140483998
yd rq real per capita_region,qu;Degrowth;2018;13382,7948256406;46,503759848476
yd rq real per capita_region,qu;Degrowth;2019;13433,8169125643;46,6508270398936
yd rq real per capita_region,qu;Degrowth;2020;12760,4888639361;43,2956497539744
yd rq real per capita_region,qu;Degrowth;2021;13321,7880178316;57,8059830416641
yd rq real per capita_region,qu;Degrowth;2022;13758,9406673736;67,2299690455284
yd rq real per capita_region,qu;Degrowth;2023;13884,5781722911;70,510309213324
yd rq real per capita_region,qu;Degrowth;2024;13925,5305943894;73,6188952264401
yd rq real per capita_region,qu;Degrowth;2025;13978,8937034103;77,9757632423753
yd rq real per capita_region,qu;Degrowth;2026;14016,3506328809;81,878851805739
yd rq real per capita_region,qu;Degrowth;2027;13959,4120522649;81,550570382311
yd rq real per capita_region,qu;Degrowth;2028;13989,4312915886;82,2326730437671
yd rq real per capita_region,qu;Degrowth;2029;14017,5998212532;79,7924159350259
yd rq real per capita_region,qu;Degrowth;2030;14039,3798062342;77,1870824197713
yd rq real per capita_region,qu;Degrowth;2031;14048,7605638263;77,2468023825422
yd rq real per capita_region,qu;Degrowth;2032;14064,575760579;81,3798389535159
yd rq real per capita_region,qu;Degrowth;2033;14065,6794721556;85,6909049091091
yd rq real per capita_region,qu;Degrowth;2034;14070,4721995718;87,1972766030412
yd rq real per capita_region,qu;Degrowth;2035;14091,6009648461;89,9940212347165
yd rq real per capita_region,qu;Degrowth;2036;14070,2821154579;95,1514695684245
yd rq real per capita_region,qu;Degrowth;2037;14046,6964611362;91,7807611993912
yd rq real per capita_region,qu;Degrowth;2038;14024,7980583274;95,1709113258021
yd rq real per capita_region,qu;Degrowth;2039;14011,529500274;90,8212715764039
yd rq real per capita_region,qu;Degrowth;2040;13991,3520315463;87,5890504962099
yd rq real per capita_region,qu;Degrowth;2041;13971,1636613312;90,2262350985839
yd rq real per capita_region,qu;Degrowth;2042;13947,0298825974;86,6574885086848
yd rq real per capita_region,qu;Degrowth;2043;13900,8587105723;89,6262111875094
yd rq real per capita_region,qu;Degrowth;2044;13864,5553599117;86,0023767874809
yd rq real per capita_region,qu;Degrowth;2045;13816,7489901304;91,1716977395745
yd rq real per capita_region,qu;Degrowth;2046;13761,5873820603;91,9018100053263
yd rq real per capita_region,qu;Degrowth;2047;13728,9798077744;97,609761484804
yd rq real per capita_region,qu;Degrowth;2048;13679,0445944426;97,5552705417249
yd rq real per capita_region,qu;Degrowth;2049;13613,1018958765;94,3775479555097
yd rq real per capita_region,qu;Degrowth;2050;13542,6187020631;94,1777791557361
yd rq real per capita_region,qu;Degrowth;2010;32577,0398326472;0,0
yd rq real per capita_region,qu;Degrowth;2011;32503,2055023261;17,5460999333936
yd rq real per capita_region,qu;Degrowth;2012;32313,5692516091;53,5762200974987
yd rq real per capita_region,qu;Degrowth;2013;32419,8306459697;69,1399705990716
yd rq real per capita_region,qu;Degrowth;2014;32491,1161781134;75,7884782599976
yd rq real per capita_region,qu;Degrowth;2015;32716,1935924409;80,0558875549414
yd rq real per capita_region,qu;Degrowth;2016;32916,6384762066;81,8744846343616
yd rq real per capita_region,qu;Degrowth;2017;33052,3951870066;97,7177443088985
yd rq real per capita_region,qu;Degrowth;2018;33040,1802862364;96,5851698191909
yd rq real per capita_region,qu;Degrowth;2019;33006,2248356924;114,450790260373
yd rq real per capita_region,qu;Degrowth;2020;31896,8504869086;141,848626559296
yd rq real per capita_region,qu;Degrowth;2021;32757,2554215774;170,001507308418
yd rq real per capita_region,qu;Degrowth;2022;33910,0197990939;172,502968929552
yd rq real per capita_region,qu;Degrowth;2023;34105,371141731;194,158554126119
yd rq real per capita_region,qu;Degrowth;2024;34130,9300553932;206,784128684834
yd rq real per capita_region,qu;Degrowth;2025;34157,190834669;194,38879800147
yd rq real per capita_region,qu;Degrowth;2026;34169,3146770484;203,340092935403
yd rq real per capita_region,qu;Degrowth;2027;33782,0169238788;217,17858001967
yd rq real per capita_region,qu;Degrowth;2028;33775,3550292616;199,47567734828
yd rq real per capita_region,qu;Degrowth;2029;33790,6586882099;221,618317460103
yd rq real per capita_region,qu;Degrowth;2030;33790,8750529353;223,557420371701
yd rq real per capita_region,qu;Degrowth;2031;33776,3856386035;220,604789003381
yd rq real per capita_region,qu;Degrowth;2032;33775,2242228841;235,410789914797
yd rq real per capita_region,qu;Degrowth;2033;33763,6934693951;252,937206659117
yd rq real per capita_region,qu;Degrowth;2034;33720,1567652431;254,714723900965
yd rq real per capita_region,qu;Degrowth;2035;33761,0304377957;247,236114646708
yd rq real per capita_region,qu;Degrowth;2036;33684,2675035833;268,179670365356
yd rq real per capita_region,qu;Degrowth;2037;33572,6666954686;275,163921295225
yd rq real per capita_region,qu;Degrowth;2038;33505,1625032944;272,629704707404
yd rq real per capita_region,qu;Degrowth;2039;33479,7943870704;260,990749267876
yd rq real per capita_region,qu;Degrowth;2040;33427,0250660842;246,87248079812
yd rq real per capita_region,qu;Degrowth;2041;33354,8933043757;224,302188657246
yd rq real per capita_region,qu;Degrowth;2042;33284,4877733006;218,019809701586
yd rq real per capita_region,qu;Degrowth;2043;33133,7256526055;206,976418115435
yd rq real per capita_region,qu;Degrowth;2044;33040,0402139572;225,127576792089
yd rq real per capita_region,qu;Degrowth;2045;32916,8667508536;210,778604228171
yd rq real per capita_region,qu;Degrowth;2046;32773,2296434356;211,604928728413
yd rq real per capita_region,qu;Degrowth;2047;32714,5170451586;213,641303584971
yd rq real per capita_region,qu;Degrowth;2048;32571,8014045431;216,668364665635
yd rq real per capita_region,qu;Degrowth;2049;32413,5400817126;207,413098385456
yd rq real per capita_region,qu;Degrowth;2050;32234,2336729633;197,601747956513
yd rq real per capita_region,qu;Degrowth;2010;23383,8202247494;0,0
yd rq real per capita_region,qu;Degrowth;2011;23253,5659740965;10,339488932852
yd rq real per capita_region,qu;Degrowth;2012;23120,1507447347;32,2223448127643
yd rq real per capita_region,qu;Degrowth;2013;23184,7307293077;42,6706576709585
yd rq real per capita_region,qu;Degrowth;2014;23240,7588788492;49,2561286666787
yd rq real per capita_region,qu;Degrowth;2015;23402,04063337;58,1560267569093
yd rq real per capita_region,qu;Degrowth;2016;23540,6945365522;58,8715350009606
yd rq real per capita_region,qu;Degrowth;2017;23639,5429408109;65,2422539839463
yd rq real per capita_region,qu;Degrowth;2018;23653,9802903753;71,3932575014169
yd rq real per capita_region,qu;Degrowth;2019;23630,8295642157;76,3831163288924
yd rq real per capita_region,qu;Degrowth;2020;22962,4526198703;90,8998030390121
yd rq real per capita_region,qu;Degrowth;2021;23572,9370261759;114,04896859867
yd rq real per capita_region,qu;Degrowth;2022;24213,9709309949;122,01956959519
yd rq real per capita_region,qu;Degrowth;2023;24392,2521126774;141,736056251471
yd rq real per capita_region,qu;Degrowth;2024;24418,9596392205;138,473819234872
yd rq real per capita_region,qu;Degrowth;2025;24440,8812779727;145,092837998962
yd rq real per capita_region,qu;Degrowth;2026;24449,6981336068;154,493095286865
yd rq real per capita_region,qu;Degrowth;2027;24227,7424116717;152,886625652825
yd rq real per capita_region,qu;Degrowth;2028;24202,27057667;152,516739821169
yd rq real per capita_region,qu;Degrowth;2029;24214,0373940769;159,405423779099
yd rq real per capita_region,qu;Degrowth;2030;24208,8426123718;152,570254876755
yd rq real per capita_region,qu;Degrowth;2031;24185,6709996258;149,180425372815
yd rq real per capita_region,qu;Degrowth;2032;24185,6546372655;166,352109446792
yd rq real per capita_region,qu;Degrowth;2033;24171,9779343941;183,154401861857
yd rq real per capita_region,qu;Degrowth;2034;24132,3492212514;173,927608883112
yd rq real per capita_region,qu;Degrowth;2035;24160,7391356651;185,387242513558
yd rq real per capita_region,qu;Degrowth;2036;24129,1771543031;185,74221895434
yd rq real per capita_region,qu;Degrowth;2037;24061,988298069;188,87762790781
yd rq real per capita_region,qu;Degrowth;2038;24021,5494041435;187,395390181935
yd rq real per capita_region,qu;Degrowth;2039;23994,8814504462;180,471385960009
yd rq real per capita_region,qu;Degrowth;2040;23953,5486249808;181,060147790397
yd rq real per capita_region,qu;Degrowth;2041;23915,4184184012;165,379050981694
yd rq real per capita_region,qu;Degrowth;2042;23844,2360220957;153,087323023643
yd rq real per capita_region,qu;Degrowth;2043;23753,5285511659;149,88633618311
yd rq real per capita_region,qu;Degrowth;2044;23672,8439508867;146,962457287204
yd rq real per capita_region,qu;Degrowth;2045;23575,0605684681;151,360478874847
yd rq real per capita_region,qu;Degrowth;2046;23476,6997732163;155,953634396621
yd rq real per capita_region,qu;Degrowth;2047;23408,1817213357;155,753829580233
yd rq real per capita_region,qu;Degrowth;2048;23319,1971385113;159,879374656113
yd rq real per capita_region,qu;Degrowth;2049;23198,1518068752;159,623509392606
yd rq real per capita_region,qu;Degrowth;2050;23066,3197714687;155,069752919093
yd rq real per capita_region,qu;Degrowth;2010;24798,2142132898;0,0
yd rq real per capita_region,qu;Degrowth;2011;24707,6602505145;19,1548126835151
yd rq real per capita_region,qu;Degrowth;2012;24704,1006588608;37,0335834198577
yd rq real per capita_region,qu;Degrowth;2013;24883,767961149;43,9158574795511
yd rq real per capita_region,qu;Degrowth;2014;25033,4914672071;49,2503018110292
yd rq real per capita_region,qu;Degrowth;2015;25257,4946316994;57,9945316829053
yd rq real per capita_region,qu;Degrowth;2016;25439,9017904055;66,6729788110806
yd rq real per capita_region,qu;Degrowth;2017;25612,471722211;73,7712337279027
yd rq real per capita_region,qu;Degrowth;2018;25666,1625321965;84,7691938085391
yd rq real per capita_region,qu;Degrowth;2019;25638,7337637555;94,0298988811664
yd rq real per capita_region,qu;Degrowth;2020;24459,6866264295;97,2491678660135
yd rq real per capita_region,qu;Degrowth;2021;25528,3126791903;123,506191757226
yd rq real per capita_region,qu;Degrowth;2022;26339,8487378869;133,617029972504
yd rq real per capita_region,qu;Degrowth;2023;26607,1943098694;153,199795674434
yd rq real per capita_region,qu;Degrowth;2024;26743,0307270346;153,921196196075
yd rq real per capita_region,qu;Degrowth;2025;26838,1699867696;161,325833887073
yd rq real per capita_region,qu;Degrowth;2026;26923,6105619617;160,109113643937
yd rq real per capita_region,qu;Degrowth;2027;26717,6947223362;167,571294994214
yd rq real per capita_region,qu;Degrowth;2028;26757,7156479664;162,152617580361
yd rq real per capita_region,qu;Degrowth;2029;26827,7379124868;170,538713215079
yd rq real per capita_region,qu;Degrowth;2030;26871,9260496699;166,56534477676
yd rq real per capita_region,qu;Degrowth;2031;26918,4557418587;179,909798978468
yd rq real per capita_region,qu;Degrowth;2032;26960,7840264591;190,164889627325
yd rq real per capita_region,qu;Degrowth;2033;27005,0803444039;202,693489689586
yd rq real per capita_region,qu;Degrowth;2034;27035,2519382806;213,061879417648
yd rq real per capita_region,qu;Degrowth;2035;27103,9130453973;216,617133481705
yd rq real per capita_region,qu;Degrowth;2036;27165,4460712507;234,942699467532
yd rq real per capita_region,qu;Degrowth;2037;27186,0302569093;222,017725756778
yd rq real per capita_region,qu;Degrowth;2038;27235,0253384342;219,94606887947
yd rq real per capita_region,qu;Degrowth;2039;27256,1436326985;198,786297392777
yd rq real per capita_region,qu;Degrowth;2040;27246,5419820814;196,357072668519
yd rq real per capita_region,qu;Degrowth;2041;27210,4045477991;192,728035056029
yd rq real per capita_region,qu;Degrowth;2042;27169,4554944194;196,38401370354
yd rq real per capita_region,qu;Degrowth;2043;27100,072912399;187,588778858741
yd rq real per capita_region,qu;Degrowth;2044;27014,9340233043;192,746270525486
yd rq real per capita_region,qu;Degrowth;2045;26905,4715686668;209,200958278438
yd rq real per capita_region,qu;Degrowth;2046;26790,4750325165;197,539506404344
yd rq real per capita_region,qu;Degrowth;2047;26705,2718055436;217,917247448371
yd rq real per capita_region,qu;Degrowth;2048;26609,209716887;224,888770414602
yd rq real per capita_region,qu;Degrowth;2049;26486,9401290489;225,382069035286
yd rq real per capita_region,qu;Degrowth;2050;26365,1501287938;219,033066938273
yd rq real per capita_region,qu;Degrowth;2010;9027,53596667874;0,0
yd rq real per capita_region,qu;Degrowth;2011;8935,5054978776;14,7575468342857
yd rq real per capita_region,qu;Degrowth;2012;8899,94245830528;17,7963728189552
yd rq real per capita_region,qu;Degrowth;2013;8961,52824261233;21,2752152993526
yd rq real per capita_region,qu;Degrowth;2014;9054,0099097177;23,9724841606176
yd rq real per capita_region,qu;Degrowth;2015;9186,87087031189;25,3613753353993
yd rq real per capita_region,qu;Degrowth;2016;9328,28245853975;25,5882790971064
yd rq real per capita_region,qu;Degrowth;2017;9451,1386427807;30,3735548851846
yd rq real per capita_region,qu;Degrowth;2018;9512,65642038035;29,636395268526
yd rq real per capita_region,qu;Degrowth;2019;9555,89127938852;35,2402742654031
yd rq real per capita_region,qu;Degrowth;2020;8916,00668911614;36,7073453824742
yd rq real per capita_region,qu;Degrowth;2021;9627,66803918853;46,61231580807
yd rq real per capita_region,qu;Degrowth;2022;10184,8051475461;52,6748041281053
yd rq real per capita_region,qu;Degrowth;2023;10431,512716683;58,2279846556712
yd rq real per capita_region,qu;Degrowth;2024;10523,8188411572;64,1753945085884
yd rq real per capita_region,qu;Degrowth;2025;10581,3582286561;61,1065337040991
yd rq real per capita_region,qu;Degrowth;2026;10637,2952570932;63,2633154979539
yd rq real per capita_region,qu;Degrowth;2027;10496,6695872101;65,6985338121049
yd rq real per capita_region,qu;Degrowth;2028;10485,226077427;61,5298104044077
yd rq real per capita_region,qu;Degrowth;2029;10525,7192828984;64,2453579420035
yd rq real per capita_region,qu;Degrowth;2030;10544,3606660656;64,5163714748824
yd rq real per capita_region,qu;Degrowth;2031;10558,9865356835;63,8463174154458
yd rq real per capita_region,qu;Degrowth;2032;10580,0511449819;66,3530811556693
yd rq real per capita_region,qu;Degrowth;2033;10599,3395842388;69,0177938940233
yd rq real per capita_region,qu;Degrowth;2034;10618,180813638;76,0343622722794
yd rq real per capita_region,qu;Degrowth;2035;10684,1204047509;78,2189899101495
yd rq real per capita_region,qu;Degrowth;2036;10689,8707865319;81,6987598775786
yd rq real per capita_region,qu;Degrowth;2037;10687,0399278081;82,1006304565271
yd rq real per capita_region,qu;Degrowth;2038;10686,479744494;78,3353125943295
yd rq real per capita_region,qu;Degrowth;2039;10689,7708366088;75,6662348699856
yd rq real per capita_region,qu;Degrowth;2040;10693,2368956449;73,2689702559528
yd rq real per capita_region,qu;Degrowth;2041;10691,0474724789;75,877213928994
yd rq real per capita_region,qu;Degrowth;2042;10681,6888552268;74,373916605372
yd rq real per capita_region,qu;Degrowth;2043;10639,3523661652;80,1373150281279
yd rq real per capita_region,qu;Degrowth;2044;10603,6125572281;80,3154968922454
yd rq real per capita_region,qu;Degrowth;2045;10554,4593846593;86,1373369027224
yd rq real per capita_region,qu;Degrowth;2046;10486,0756485094;86,4206497229115
yd rq real per capita_region,qu;Degrowth;2047;10462,7373124969;90,3074902462613
yd rq real per capita_region,qu;Degrowth;2048;10417,9603883327;87,77843305239
yd rq real per capita_region,qu;Degrowth;2049;10366,8429551262;86,0059523366699
yd rq real per capita_region,qu;Degrowth;2050;10295,5456216918;84,3053353997557
yd rq real per capita_region,qu;Degrowth;2010;12905,0432928573;0,0
yd rq real per capita_region,qu;Degrowth;2011;12868,2377578592;5,87198013595207
yd rq real per capita_region,qu;Degrowth;2012;12869,4700343802;16,8474557480631
yd rq real per capita_region,qu;Degrowth;2013;12970,1858794398;24,6673698820896
yd rq real per capita_region,qu;Degrowth;2014;13071,0533417595;28,8803937611147
yd rq real per capita_region,qu;Degrowth;2015;13212,1151654283;34,8024015585124
yd rq real per capita_region,qu;Degrowth;2016;13338,6639605361;36,4217892244615
yd rq real per capita_region,qu;Degrowth;2017;13448,76009705;41,3755211825619
yd rq real per capita_region,qu;Degrowth;2018;13514,2003840353;44,3490758750641
yd rq real per capita_region,qu;Degrowth;2019;13549,2634080962;49,6844258189476
yd rq real per capita_region,qu;Degrowth;2020;12846,8646076013;47,0381315897321
yd rq real per capita_region,qu;Degrowth;2021;13584,0764667704;62,6836198257542
yd rq real per capita_region,qu;Degrowth;2022;14097,875007163;73,1552427292381
yd rq real per capita_region,qu;Degrowth;2023;14276,7642895088;80,654360370062
yd rq real per capita_region,qu;Degrowth;2024;14346,438190913;80,8714601569445
yd rq real per capita_region,qu;Degrowth;2025;14401,2168470119;86,95895718467
yd rq real per capita_region,qu;Degrowth;2026;14447,1822497289;87,5965568903266
yd rq real per capita_region,qu;Degrowth;2027;14371,2962399027;90,2168960766667
yd rq real per capita_region,qu;Degrowth;2028;14389,5205857279;93,9775373292532
yd rq real per capita_region,qu;Degrowth;2029;14425,3502094867;89,6290027903015
yd rq real per capita_region,qu;Degrowth;2030;14452,2377179971;93,98643569863
yd rq real per capita_region,qu;Degrowth;2031;14466,4889788548;89,0079483110276
yd rq real per capita_region,qu;Degrowth;2032;14488,8814683445;93,4241992396046
yd rq real per capita_region,qu;Degrowth;2033;14497,0105607204;101,752311608021
yd rq real per capita_region,qu;Degrowth;2034;14507,5363489213;108,247302665424
yd rq real per capita_region,qu;Degrowth;2035;14537,1162675957;107,849535958056
yd rq real per capita_region,qu;Degrowth;2036;14546,8141765724;112,931305115508
yd rq real per capita_region,qu;Degrowth;2037;14530,1057908728;111,7148358731
yd rq real per capita_region,qu;Degrowth;2038;14528,3082640162;110,136792527537
yd rq real per capita_region,qu;Degrowth;2039;14518,7205495143;102,397108058764
yd rq real per capita_region,qu;Degrowth;2040;14512,0578350992;102,623866096108
yd rq real per capita_region,qu;Degrowth;2041;14499,7005499247;101,481392686764
yd rq real per capita_region,qu;Degrowth;2042;14471,4125575985;108,554633150369
yd rq real per capita_region,qu;Degrowth;2043;14426,732300491;104,286872807454
yd rq real per capita_region,qu;Degrowth;2044;14383,6717714961;110,068956215172
yd rq real per capita_region,qu;Degrowth;2045;14326,6671871751;113,25943080413
yd rq real per capita_region,qu;Degrowth;2046;14269,1045978477;118,013278852553
yd rq real per capita_region,qu;Degrowth;2047;14223,5434155306;117,875762340765
yd rq real per capita_region,qu;Degrowth;2048;14165,1819406049;120,116318334402
yd rq real per capita_region,qu;Degrowth;2049;14099,7684903996;121,059210352187
yd rq real per capita_region,qu;Degrowth;2050;14027,4715169114;118,06444198557
yd rq real per capita_region,qu;Degrowth;2010;17661,3493776757;0,0
yd rq real per capita_region,qu;Degrowth;2011;17586,6913725918;5,64802273736677
yd rq real per capita_region,qu;Degrowth;2012;17558,9930741621;23,1521678857825
yd rq real per capita_region,qu;Degrowth;2013;17675,4174602741;32,8965567049618
yd rq real per capita_region,qu;Degrowth;2014;17782,0179780198;39,4743020951773
yd rq real per capita_region,qu;Degrowth;2015;17958,1249640162;47,1799769926111
yd rq real per capita_region,qu;Degrowth;2016;18110,1778103952;49,9376300133154
yd rq real per capita_region,qu;Degrowth;2017;18237,673885486;54,2951467113508
yd rq real per capita_region,qu;Degrowth;2018;18299,4538121355;63,8616190082139
yd rq real per capita_region,qu;Degrowth;2019;18317,8842533187;66,7460916291784
yd rq real per capita_region,qu;Degrowth;2020;17414,951460392;62,916329280868
yd rq real per capita_region,qu;Degrowth;2021;18318,5794254146;85,7910749844341
yd rq real per capita_region,qu;Degrowth;2022;18989,0338254917;101,429857552035
yd rq real per capita_region,qu;Degrowth;2023;19198,4733427445;108,456767484729
yd rq real per capita_region,qu;Degrowth;2024;19266,627784359;110,744196735552
yd rq real per capita_region,qu;Degrowth;2025;19324,2551856268;117,916218527196
yd rq real per capita_region,qu;Degrowth;2026;19363,5415665784;117,613664023363
yd rq real per capita_region,qu;Degrowth;2027;19237,7357534655;123,068083215616
yd rq real per capita_region,qu;Degrowth;2028;19246,768331846;124,773856907783
yd rq real per capita_region,qu;Degrowth;2029;19278,7270244093;127,976230640281
yd rq real per capita_region,qu;Degrowth;2030;19298,7660921354;119,402318401693
yd rq real per capita_region,qu;Degrowth;2031;19312,4618246354;122,443446081812
yd rq real per capita_region,qu;Degrowth;2032;19325,2078481425;128,530611966291
yd rq real per capita_region,qu;Degrowth;2033;19326,9316584001;145,379157765876
yd rq real per capita_region,qu;Degrowth;2034;19323,6959565252;143,926111928953
yd rq real per capita_region,qu;Degrowth;2035;19348,9161359406;145,598533060085
yd rq real per capita_region,qu;Degrowth;2036;19340,9951082995;154,22957266169
yd rq real per capita_region,qu;Degrowth;2037;19313,4548244465;148,794655736641
yd rq real per capita_region,qu;Degrowth;2038;19299,0374189293;144,707741126947
yd rq real per capita_region,qu;Degrowth;2039;19286,6604060622;139,304568105512
yd rq real per capita_region,qu;Degrowth;2040;19262,8683369485;140,384094547453
yd rq real per capita_region,qu;Degrowth;2041;19228,0667749718;134,169375089068
yd rq real per capita_region,qu;Degrowth;2042;19186,5765124611;136,661131980987
yd rq real per capita_region,qu;Degrowth;2043;19120,0437968339;134,081395751993
yd rq real per capita_region,qu;Degrowth;2044;19069,2987432652;135,721591985262
yd rq real per capita_region,qu;Degrowth;2045;18976,6424593077;146,141376419708
yd rq real per capita_region,qu;Degrowth;2046;18891,4927478227;147,319411200902
yd rq real per capita_region,qu;Degrowth;2047;18832,6968496647;144,628323979608
yd rq real per capita_region,qu;Degrowth;2048;18753,092027923;146,897997796365
yd rq real per capita_region,qu;Degrowth;2049;18659,6995697707;151,580931766894
yd rq real per capita_region,qu;Degrowth;2050;18556,0003116488;146,46131080039
yd rq real per capita_region,qu;Degrowth;2010;23184,6573169596;0,0
yd rq real per capita_region,qu;Degrowth;2011;23099,5381231071;13,4227588095564
yd rq real per capita_region,qu;Degrowth;2012;23084,9203651992;33,7929473498843
yd rq real per capita_region,qu;Degrowth;2013;23246,1440791189;41,919254094857
yd rq real per capita_region,qu;Degrowth;2014;23384,0101106596;47,4722288595185
yd rq real per capita_region,qu;Degrowth;2015;23603,0352403202;60,0229313900509
yd rq real per capita_region,qu;Degrowth;2016;23780,0783464736;61,523858773955
yd rq real per capita_region,qu;Degrowth;2017;23933,2228335872;71,8333807854815
yd rq real per capita_region,qu;Degrowth;2018;23990,8549785044;80,7920769328193
yd rq real per capita_region,qu;Degrowth;2019;23972,3342549079;85,6915745375391
yd rq real per capita_region,qu;Degrowth;2020;22784,0777488041;89,1696157769602
yd rq real per capita_region,qu;Degrowth;2021;23866,8410644185;115,434557878161
yd rq real per capita_region,qu;Degrowth;2022;24686,8347702318;124,364618578053
yd rq real per capita_region,qu;Degrowth;2023;24921,2416154292;143,497572364478
yd rq real per capita_region,qu;Degrowth;2024;25018,4501385236;140,897787634984
yd rq real per capita_region,qu;Degrowth;2025;25079,0870779981;147,037778755946
yd rq real per capita_region,qu;Degrowth;2026;25130,7405699158;147,666089454815
yd rq real per capita_region,qu;Degrowth;2027;24943,9155265413;155,483816413598
yd rq real per capita_region,qu;Degrowth;2028;24955,4262923362;148,048112827542
yd rq real per capita_region,qu;Degrowth;2029;24999,1158647451;160,273647481785
yd rq real per capita_region,qu;Degrowth;2030;25010,9706749794;155,527259107692
yd rq real per capita_region,qu;Degrowth;2031;25032,7049041413;167,122527729909
yd rq real per capita_region,qu;Degrowth;2032;25049,849674795;180,679489020453
yd rq real per capita_region,qu;Degrowth;2033;25053,3394482311;189,33761134244
yd rq real per capita_region,qu;Degrowth;2034;25054,2370879247;190,075778306666
yd rq real per capita_region,qu;Degrowth;2035;25088,8319033266;202,041830666638
yd rq real per capita_region,qu;Degrowth;2036;25095,2488219866;214,56822441628
yd rq real per capita_region,qu;Degrowth;2037;25082,1096426214;204,71136969938
yd rq real per capita_region,qu;Degrowth;2038;25079,5628158918;200,497020908891
yd rq real per capita_region,qu;Degrowth;2039;25067,9567925508;182,24514053086
yd rq real per capita_region,qu;Degrowth;2040;25032,8447816964;182,284593784125
yd rq real per capita_region,qu;Degrowth;2041;24990,0615332636;175,123778848842
yd rq real per capita_region,qu;Degrowth;2042;24925,446635146;170,912593986748
yd rq real per capita_region,qu;Degrowth;2043;24850,0434423525;175,182964016678
yd rq real per capita_region,qu;Degrowth;2044;24752,6983307326;180,156529857133
yd rq real per capita_region,qu;Degrowth;2045;24637,2441098953;186,017174674525
yd rq real per capita_region,qu;Degrowth;2046;24525,8528321665;185,600885229362
yd rq real per capita_region,qu;Degrowth;2047;24432,6757613502;181,428416710321
yd rq real per capita_region,qu;Degrowth;2048;24330,2052888809;197,980438170038
yd rq real per capita_region,qu;Degrowth;2049;24203,1006635711;198,476973208406
yd rq real per capita_region,qu;Degrowth;2050;24079,9694920208;192,317929590248
yd rq real per capita_region,qu;Degrowth;2010;42234,0438602613;0,0
yd rq real per capita_region,qu;Degrowth;2011;42287,3816385815;36,9530644837796
yd rq real per capita_region,qu;Degrowth;2012;42476,3720146211;67,7550514851137
yd rq real per capita_region,qu;Degrowth;2013;42871,0186537336;72,9519387660512
yd rq real per capita_region,qu;Degrowth;2014;43114,8821249322;84,0850362078199
yd rq real per capita_region,qu;Degrowth;2015;43429,5418846761;105,975431276052
yd rq real per capita_region,qu;Degrowth;2016;43624,1232651938;126,873714209436
yd rq real per capita_region,qu;Degrowth;2017;43844,1771808099;143,916223334403
yd rq real per capita_region,qu;Degrowth;2018;43787,4085826845;166,296265260084
yd rq real per capita_region,qu;Degrowth;2019;43550,5202922395;203,002309821801
yd rq real per capita_region,qu;Degrowth;2020;40942,9886192132;227,918585045794
yd rq real per capita_region,qu;Degrowth;2021;42843,2654563781;238,232790717222
yd rq real per capita_region,qu;Degrowth;2022;44535,0434131969;238,771418273514
yd rq real per capita_region,qu;Degrowth;2023;44924,8514583708;262,470423027582
yd rq real per capita_region,qu;Degrowth;2024;45153,2997692556;258,454252410065
yd rq real per capita_region,qu;Degrowth;2025;45276,3426627754;262,091596477243
yd rq real per capita_region,qu;Degrowth;2026;45377,7203534176;280,250189470938
yd rq real per capita_region,qu;Degrowth;2027;44895,2012105737;280,262562248779
yd rq real per capita_region,qu;Degrowth;2028;44931,5120295898;307,311664313067
yd rq real per capita_region,qu;Degrowth;2029;45043,818681555;325,312008871028
yd rq real per capita_region,qu;Degrowth;2030;45140,1297118899;350,102818661307
yd rq real per capita_region,qu;Degrowth;2031;45231,2464174112;360,080270567556
yd rq real per capita_region,qu;Degrowth;2032;45338,7652077649;405,506086952308
yd rq real per capita_region,qu;Degrowth;2033;45373,6656591113;407,621782763334
yd rq real per capita_region,qu;Degrowth;2034;45479,6248632909;434,222590904174
yd rq real per capita_region,qu;Degrowth;2035;45604,2012693082;421,877180503852
yd rq real per capita_region,qu;Degrowth;2036;45746,8292175826;448,988480093838
yd rq real per capita_region,qu;Degrowth;2037;45858,1471211167;453,553293538549
yd rq real per capita_region,qu;Degrowth;2038;46024,8900963827;427,356950373371
yd rq real per capita_region,qu;Degrowth;2039;46109,6622619766;360,339568433541
yd rq real per capita_region,qu;Degrowth;2040;46094,0350033259;323,169507721101
yd rq real per capita_region,qu;Degrowth;2041;46004,6197144302;318,409446604299
yd rq real per capita_region,qu;Degrowth;2042;45881,7431243966;316,335175954635
yd rq real per capita_region,qu;Degrowth;2043;45718,5297659954;320,182064730248
yd rq real per capita_region,qu;Degrowth;2044;45522,6465195717;339,711237131833
yd rq real per capita_region,qu;Degrowth;2045;45291,3378894164;348,931561810463
yd rq real per capita_region,qu;Degrowth;2046;45048,4421673539;372,405597081397
yd rq real per capita_region,qu;Degrowth;2047;44838,9536128895;377,073146859249
yd rq real per capita_region,qu;Degrowth;2048;44600,4766610507;391,317490017969
yd rq real per capita_region,qu;Degrowth;2049;44390,7280459908;421,277877719957
yd rq real per capita_region,qu;Degrowth;2050;44142,01828087;406,140717814982
yd rq real per capita_region,qu;Degrowth;2010;8965,63344167775;0,0
yd rq real per capita_region,qu;Degrowth;2011;8944,81995026851;7,84682945661552
yd rq real per capita_region,qu;Degrowth;2012;8954,36784355149;13,0490909034033
yd rq real per capita_region,qu;Degrowth;2013;9042,228604861;17,8196675158133
yd rq real per capita_region,qu;Degrowth;2014;9142,83666270022;20,4123644314459
yd rq real per capita_region,qu;Degrowth;2015;9271,31524094068;24,8140055746353
yd rq real per capita_region,qu;Degrowth;2016;9395,58238413182;25,590928596288
yd rq real per capita_region,qu;Degrowth;2017;9508,5060618293;28,0138374738299
yd rq real per capita_region,qu;Degrowth;2018;9582,70342936863;29,4121171884708
yd rq real per capita_region,qu;Degrowth;2019;9641,99699118321;34,5894245614718
yd rq real per capita_region,qu;Degrowth;2020;8954,38221961637;35,2504438677333
yd rq real per capita_region,qu;Degrowth;2021;9728,92339851512;44,1998428346214
yd rq real per capita_region,qu;Degrowth;2022;10268,8685515258;51,9854124468575
yd rq real per capita_region,qu;Degrowth;2023;10457,9457729432;57,3680480258781
yd rq real per capita_region,qu;Degrowth;2024;10537,7454540915;59,2350907406917
yd rq real per capita_region,qu;Degrowth;2025;10599,361298698;60,8053227501241
yd rq real per capita_region,qu;Degrowth;2026;10649,3401022721;65,3257026988258
yd rq real per capita_region,qu;Degrowth;2027;10577,5627324566;63,4071702080519
yd rq real per capita_region,qu;Degrowth;2028;10595,4095407842;66,0554941308137
yd rq real per capita_region,qu;Degrowth;2029;10638,3651587047;64,1240263248264
yd rq real per capita_region,qu;Degrowth;2030;10665,6577682508;62,5429140850265
yd rq real per capita_region,qu;Degrowth;2031;10684,1588001443;60,2864918351106
yd rq real per capita_region,qu;Degrowth;2032;10707,1915645413;64,8306642129019
yd rq real per capita_region,qu;Degrowth;2033;10720,9301040299;67,5414767594148
yd rq real per capita_region,qu;Degrowth;2034;10740,9543478482;68,0165503801391
yd rq real per capita_region,qu;Degrowth;2035;10782,1506139047;72,1557114387588
yd rq real per capita_region,qu;Degrowth;2036;10789,8964720017;74,7675658800808
yd rq real per capita_region,qu;Degrowth;2037;10789,2705707542;75,6623922222252
yd rq real per capita_region,qu;Degrowth;2038;10783,5493090807;74,1793843759615
yd rq real per capita_region,qu;Degrowth;2039;10789,6753959813;68,5872435594501
yd rq real per capita_region,qu;Degrowth;2040;10782,9607541655;68,0053735598531
yd rq real per capita_region,qu;Degrowth;2041;10779,8397446244;70,551600079838
yd rq real per capita_region,qu;Degrowth;2042;10765,8216848113;77,2330754106852
yd rq real per capita_region,qu;Degrowth;2043;10731,7835274624;80,4455618648026
yd rq real per capita_region,qu;Degrowth;2044;10706,2378422844;80,090814342896
yd rq real per capita_region,qu;Degrowth;2045;10657,9495811087;81,4783208762283
yd rq real per capita_region,qu;Degrowth;2046;10609,8531127007;86,82297578619
yd rq real per capita_region,qu;Degrowth;2047;10583,0313123331;85,8719342259192
yd rq real per capita_region,qu;Degrowth;2048;10541,3434920128;84,7464280894337
yd rq real per capita_region,qu;Degrowth;2049;10493,4101626861;82,7421827617381
yd rq real per capita_region,qu;Degrowth;2050;10436,6207600231;82,2208340825
yd rq real per capita_region,qu;Degrowth;2010;14369,4033370127;0,0
yd rq real per capita_region,qu;Degrowth;2011;14371,9388276449;6,07167867896169
yd rq real per capita_region,qu;Degrowth;2012;14385,4732660625;19,886007707154
yd rq real per capita_region,qu;Degrowth;2013;14508,6874179345;27,8947515149839
yd rq real per capita_region,qu;Degrowth;2014;14627,2705311775;34,548264686664
yd rq real per capita_region,qu;Degrowth;2015;14800,3816741716;41,8919309201647
yd rq real per capita_region,qu;Degrowth;2016;14963,7707724325;44,9744127718968
yd rq real per capita_region,qu;Degrowth;2017;15102,1738358051;46,7477335528911
yd rq real per capita_region,qu;Degrowth;2018;15197,1200916072;53,1469995429916
yd rq real per capita_region,qu;Degrowth;2019;15259,5452040019;56,9622228155513
yd rq real per capita_region,qu;Degrowth;2020;14296,6589979089;56,4364079672268
yd rq real per capita_region,qu;Degrowth;2021;15316,946842787;75,3534913174208
yd rq real per capita_region,qu;Degrowth;2022;16051,6047942824;87,5989538113172
yd rq real per capita_region,qu;Degrowth;2023;16249,1035186106;97,2313019623425
yd rq real per capita_region,qu;Degrowth;2024;16326,6040783304;103,350746940975
yd rq real per capita_region,qu;Degrowth;2025;16397,8555378508;109,768649918281
yd rq real per capita_region,qu;Degrowth;2026;16440,527815589;111,256977358523
yd rq real per capita_region,qu;Degrowth;2027;16359,1461971023;107,994282672286
yd rq real per capita_region,qu;Degrowth;2028;16388,2849159656;109,422338190274
yd rq real per capita_region,qu;Degrowth;2029;16429,5838316755;105,199973341861
yd rq real per capita_region,qu;Degrowth;2030;16455,9348696026;107,044878506747
yd rq real per capita_region,qu;Degrowth;2031;16472,2569642733;107,537839228
yd rq real per capita_region,qu;Degrowth;2032;16496,8741227728;109,345452560732
yd rq real per capita_region,qu;Degrowth;2033;16495,6880912549;117,914908042419
yd rq real per capita_region,qu;Degrowth;2034;16493,9347174329;117,003537042661
yd rq real per capita_region,qu;Degrowth;2035;16522,6835447753;116,233110275998
yd rq real per capita_region,qu;Degrowth;2036;16506,11528977;122,348631693774
yd rq real per capita_region,qu;Degrowth;2037;16481,8795960293;123,680809159646
yd rq real per capita_region,qu;Degrowth;2038;16458,8921044209;122,605947758871
yd rq real per capita_region,qu;Degrowth;2039;16445,3208155015;119,75011045506
yd rq real per capita_region,qu;Degrowth;2040;16418,9657632748;120,443194596652
yd rq real per capita_region,qu;Degrowth;2041;16393,8773738177;112,430097146508
yd rq real per capita_region,qu;Degrowth;2042;16363,7871742647;107,582775113624
yd rq real per capita_region,qu;Degrowth;2043;16306,0505759293;110,602353138542
yd rq real per capita_region,qu;Degrowth;2044;16263,109326809;111,070522969003
yd rq real per capita_region,qu;Degrowth;2045;16199,1873620568;114,465036694752
yd rq real per capita_region,qu;Degrowth;2046;16125,4604243201;118,99943433118
yd rq real per capita_region,qu;Degrowth;2047;16079,4492628855;116,2293403332
yd rq real per capita_region,qu;Degrowth;2048;16016,7726732112;124,718114647923
yd rq real per capita_region,qu;Degrowth;2049;15939,0664870054;119,798191232753
yd rq real per capita_region,qu;Degrowth;2050;15850,8415720595;114,992488386983
yd rq real per capita_region,qu;Degrowth;2010;19612,4024216811;0,0
yd rq real per capita_region,qu;Degrowth;2011;19584,2524451039;8,07801345625921
yd rq real per capita_region,qu;Degrowth;2012;19562,2035503201;26,5438991262581
yd rq real per capita_region,qu;Degrowth;2013;19687,8393780847;36,6203317186355
yd rq real per capita_region,qu;Degrowth;2014;19797,156507983;43,0686639967716
yd rq real per capita_region,qu;Degrowth;2015;19983,0376708192;50,1400901181441
yd rq real per capita_region,qu;Degrowth;2016;20151,9530528729;53,2907880131861
yd rq real per capita_region,qu;Degrowth;2017;20290,2712746211;53,7035518697758
yd rq real per capita_region,qu;Degrowth;2018;20361,8201421724;61,4479912818897
yd rq real per capita_region,qu;Degrowth;2019;20398,9180806593;69,5470896489733
yd rq real per capita_region,qu;Degrowth;2020;19333,9918913778;73,5463896069195
yd rq real per capita_region,qu;Degrowth;2021;20347,1967768218;94,5269871286837
yd rq real per capita_region,qu;Degrowth;2022;21153,1111022628;109,526498902354
yd rq real per capita_region,qu;Degrowth;2023;21349,7524315444;125,899223849588
yd rq real per capita_region,qu;Degrowth;2024;21407,4698442029;126,403562632049
yd rq real per capita_region,qu;Degrowth;2025;21453,1188042681;130,575461474786
yd rq real per capita_region,qu;Degrowth;2026;21479,8609483739;134,286653779924
yd rq real per capita_region,qu;Degrowth;2027;21314,7579499517;134,976337476444
yd rq real per capita_region,qu;Degrowth;2028;21329,0584313244;134,512396617602
yd rq real per capita_region,qu;Degrowth;2029;21349,559771159;136,839714455764
yd rq real per capita_region,qu;Degrowth;2030;21359,8857285841;134,432470288879
yd rq real per capita_region,qu;Degrowth;2031;21354,1634267344;138,566684623081
yd rq real per capita_region,qu;Degrowth;2032;21358,9703593086;147,057230008877
yd rq real per capita_region,qu;Degrowth;2033;21340,9171392761;150,626952404626
yd rq real per capita_region,qu;Degrowth;2034;21309,9698790228;144,727402235156
yd rq real per capita_region,qu;Degrowth;2035;21335,4864393284;144,021978314024
yd rq real per capita_region,qu;Degrowth;2036;21286,8735356331;156,009583281493
yd rq real per capita_region,qu;Degrowth;2037;21232,7749442075;157,3995630754
yd rq real per capita_region,qu;Degrowth;2038;21177,9406922573;159,118863973987
yd rq real per capita_region,qu;Degrowth;2039;21151,6056804615;150,452494969191
yd rq real per capita_region,qu;Degrowth;2040;21108,2877457764;152,916549136404
yd rq real per capita_region,qu;Degrowth;2041;21057,2164652122;138,353440034056
yd rq real per capita_region,qu;Degrowth;2042;20999,3444140638;138,333555853718
yd rq real per capita_region,qu;Degrowth;2043;20912,5671361872;130,744858108772
yd rq real per capita_region,qu;Degrowth;2044;20842,1478310562;132,783022837997
yd rq real per capita_region,qu;Degrowth;2045;20744,5521274757;132,481002750022
yd rq real per capita_region,qu;Degrowth;2046;20652,9563920937;134,148823096939
yd rq real per capita_region,qu;Degrowth;2047;20582,421272671;138,717563100754
yd rq real per capita_region,qu;Degrowth;2048;20492,148110317;149,25257204704
yd rq real per capita_region,qu;Degrowth;2049;20386,8634249671;147,120330382657
yd rq real per capita_region,qu;Degrowth;2050;20266,3797591882;147,509753727371
yd rq real per capita_region,qu;Degrowth;2010;26197,5657391882;0,0
yd rq real per capita_region,qu;Degrowth;2011;26159,8788195398;10,1412437300387
yd rq real per capita_region,qu;Degrowth;2012;26109,4589137098;36,2258093500386
yd rq real per capita_region,qu;Degrowth;2013;26269,3384901092;50,8101398458493
yd rq real per capita_region,qu;Degrowth;2014;26393,0146435198;58,9904419562954
yd rq real per capita_region,qu;Degrowth;2015;26625,2502035685;66,2834598574445
yd rq real per capita_region,qu;Degrowth;2016;26830,1288368733;72,092030859485
yd rq real per capita_region,qu;Degrowth;2017;27002,6139930676;78,1391327961846
yd rq real per capita_region,qu;Degrowth;2018;27059,3204142747;87,5762907006447
yd rq real per capita_region,qu;Degrowth;2019;27076,8490490578;97,1354925982487
yd rq real per capita_region,qu;Degrowth;2020;25709,706268237;104,681319664021
yd rq real per capita_region,qu;Degrowth;2021;26917,9667626487;129,015883086591
yd rq real per capita_region,qu;Degrowth;2022;27948,4343863913;151,231440837222
yd rq real per capita_region,qu;Degrowth;2023;28183,7006158657;171,836907913661
yd rq real per capita_region,qu;Degrowth;2024;28250,8843673957;170,800287091386
yd rq real per capita_region,qu;Degrowth;2025;28303,3128276786;174,778972161632
yd rq real per capita_region,qu;Degrowth;2026;28329,2487368025;182,314637368329
yd rq real per capita_region,qu;Degrowth;2027;28092,4901076367;197,253924222334
yd rq real per capita_region,qu;Degrowth;2028;28101,7020432098;185,867967251748
yd rq real per capita_region,qu;Degrowth;2029;28128,1999834684;198,534749853836
yd rq real per capita_region,qu;Degrowth;2030;28133,2030663046;189,227580608012
yd rq real per capita_region,qu;Degrowth;2031;28131,3663644023;196,651273333082
yd rq real per capita_region,qu;Degrowth;2032;28140,9946893815;205,548320586891
yd rq real per capita_region,qu;Degrowth;2033;28118,9366911466;219,974197155096
yd rq real per capita_region,qu;Degrowth;2034;28076,9777773543;211,820074089448
yd rq real per capita_region,qu;Degrowth;2035;28105,9795062784;216,242977993559
yd rq real per capita_region,qu;Degrowth;2036;28059,6162174349;221,350719215361
yd rq real per capita_region,qu;Degrowth;2037;27986,5951145908;221,567239320695
yd rq real per capita_region,qu;Degrowth;2038;27921,2712107738;228,578961929168
yd rq real per capita_region,qu;Degrowth;2039;27889,6632043325;214,827527488926
yd rq real per capita_region,qu;Degrowth;2040;27844,3972836922;214,080401893103
yd rq real per capita_region,qu;Degrowth;2041;27781,3407541563;197,356423444706
yd rq real per capita_region,qu;Degrowth;2042;27701,6480373673;188,075389311502
yd rq real per capita_region,qu;Degrowth;2043;27581,8206586157;177,969368508253
yd rq real per capita_region,qu;Degrowth;2044;27478,9499925007;176,206841250059
yd rq real per capita_region,qu;Degrowth;2045;27352,6766965109;181,333388602456
yd rq real per capita_region,qu;Degrowth;2046;27229,0145479186;183,262424906688
yd rq real per capita_region,qu;Degrowth;2047;27135,5323535491;183,341659075142
yd rq real per capita_region,qu;Degrowth;2048;27014,8015484375;193,428024981629
yd rq real per capita_region,qu;Degrowth;2049;26864,316878997;194,5323563277
yd rq real per capita_region,qu;Degrowth;2050;26714,2076573452;193,988845500324
yd rq real per capita_region,qu;Degrowth;2010;32537,8871274692;0,0
yd rq real per capita_region,qu;Degrowth;2011;32548,39705666;21,098137059922
yd rq real per capita_region,qu;Degrowth;2012;32630,3816200756;43,2460528430274
yd rq real per capita_region,qu;Degrowth;2013;32894,4931467976;52,9731771049228
yd rq real per capita_region,qu;Degrowth;2014;33075,0569121146;61,600839835166
yd rq real per capita_region,qu;Degrowth;2015;33338,0485849916;72,1626145892042
yd rq real per capita_region,qu;Degrowth;2016;33527,265687102;85,4157374526076
yd rq real per capita_region,qu;Degrowth;2017;33717,7285184106;92,6652927892465
yd rq real per capita_region,qu;Degrowth;2018;33738,5807588514;104,982428806375
yd rq real per capita_region,qu;Degrowth;2019;33652,9175457132;119,996814198632
yd rq real per capita_region,qu;Degrowth;2020;31861,4370357533;133,516552486209
yd rq real per capita_region,qu;Degrowth;2021;33292,7785380491;151,305720506298
yd rq real per capita_region,qu;Degrowth;2022;34492,0057947623;177,136428373244
yd rq real per capita_region,qu;Degrowth;2023;34753,5239254732;202,425625584237
yd rq real per capita_region,qu;Degrowth;2024;34896,6501500196;186,166045531245
yd rq real per capita_region,qu;Degrowth;2025;34995,175762678;197,616152389448
yd rq real per capita_region,qu;Degrowth;2026;35040,2784731749;205,752244169249
yd rq real per capita_region,qu;Degrowth;2027;34727,5982394678;209,490673084027
yd rq real per capita_region,qu;Degrowth;2028;34753,8824890516;206,961210005873
yd rq real per capita_region,qu;Degrowth;2029;34797,977390662;227,394223774336
yd rq real per capita_region,qu;Degrowth;2030;34838,7258902175;227,911259163829
yd rq real per capita_region,qu;Degrowth;2031;34884,5390558576;228,097866244727
yd rq real per capita_region,qu;Degrowth;2032;34916,4737588708;251,28744559117
yd rq real per capita_region,qu;Degrowth;2033;34926,286841094;255,582427612339
yd rq real per capita_region,qu;Degrowth;2034;34955,480943545;259,705255552231
yd rq real per capita_region,qu;Degrowth;2035;35002,2149757887;276,381681566014
yd rq real per capita_region,qu;Degrowth;2036;35026,8231536238;294,326519677768
yd rq real per capita_region,qu;Degrowth;2037;35047,0271254078;315,933791911881
yd rq real per capita_region,qu;Degrowth;2038;35086,4192497576;269,564383183264
yd rq real per capita_region,qu;Degrowth;2039;35104,0377976795;245,199470871092
yd rq real per capita_region,qu;Degrowth;2040;35066,4284306424;230,201150148285
yd rq real per capita_region,qu;Degrowth;2041;34991,0554316632;213,229382837086
yd rq real per capita_region,qu;Degrowth;2042;34904,5811640933;213,608438719784
yd rq real per capita_region,qu;Degrowth;2043;34772,1426933192;217,40225444681
yd rq real per capita_region,qu;Degrowth;2044;34632,4956889295;218,723138812631
yd rq real per capita_region,qu;Degrowth;2045;34456,5830969181;232,088904647284
yd rq real per capita_region,qu;Degrowth;2046;34286,2049935536;226,136960049858
yd rq real per capita_region,qu;Degrowth;2047;34154,4325498158;240,683883263409
yd rq real per capita_region,qu;Degrowth;2048;33969,5526242256;260,643215504449
yd rq real per capita_region,qu;Degrowth;2049;33807,4269548882;262,450026466326
yd rq real per capita_region,qu;Degrowth;2050;33631,7936646123;259,032111395718
yd rq real per capita_region,qu;Degrowth;2010;9438,42098518157;0,0
yd rq real per capita_region,qu;Degrowth;2011;9413,64324767646;11,7036843678361
yd rq real per capita_region,qu;Degrowth;2012;9417,54234456581;15,9489869517174
yd rq real per capita_region,qu;Degrowth;2013;9511,41784091799;22,1062706569628
yd rq real per capita_region,qu;Degrowth;2014;9625,91700953635;23,793464827454
yd rq real per capita_region,qu;Degrowth;2015;9779,24445707109;27,616345813487
yd rq real per capita_region,qu;Degrowth;2016;9932,4562639438;27,1957855092805
yd rq real per capita_region,qu;Degrowth;2017;10068,2880503759;31,0280026334713
yd rq real per capita_region,qu;Degrowth;2018;10151,9832334966;34,1557287147061
yd rq real per capita_region,qu;Degrowth;2019;10217,7589155838;37,3484995259032
yd rq real per capita_region,qu;Degrowth;2020;9512,23609207033;38,9828817520656
yd rq real per capita_region,qu;Degrowth;2021;10313,3113093137;50,3471404630181
yd rq real per capita_region,qu;Degrowth;2022;10930,577365727;58,8742212592961
yd rq real per capita_region,qu;Degrowth;2023;11166,7396932405;63,5139838028826
yd rq real per capita_region,qu;Degrowth;2024;11263,558695105;67,1125470284996
yd rq real per capita_region,qu;Degrowth;2025;11336,2180992693;69,4400134119842
yd rq real per capita_region,qu;Degrowth;2026;11399,7740979674;73,4983992317593
yd rq real per capita_region,qu;Degrowth;2027;11290,0683726405;73,1074557387865
yd rq real per capita_region,qu;Degrowth;2028;11302,6431498657;71,2217073383454
yd rq real per capita_region,qu;Degrowth;2029;11352,4443843541;70,9714839570916
yd rq real per capita_region,qu;Degrowth;2030;11382,7662117643;69,6092940102508
yd rq real per capita_region,qu;Degrowth;2031;11409,184068152;71,2504678424311
yd rq real per capita_region,qu;Degrowth;2032;11437,9954322978;71,2346990993228
yd rq real per capita_region,qu;Degrowth;2033;11460,606916051;78,1696243357355
yd rq real per capita_region,qu;Degrowth;2034;11480,2871252913;80,064105515663
yd rq real per capita_region,qu;Degrowth;2035;11537,8386920144;84,2087378124161
yd rq real per capita_region,qu;Degrowth;2036;11542,7642113206;85,9502795351209
yd rq real per capita_region,qu;Degrowth;2037;11537,639259411;87,2574201364314
yd rq real per capita_region,qu;Degrowth;2038;11530,6632277845;83,5504175266215
yd rq real per capita_region,qu;Degrowth;2039;11540,4515128019;80,4421118941927
yd rq real per capita_region,qu;Degrowth;2040;11538,5959990102;72,75690361336
yd rq real per capita_region,qu;Degrowth;2041;11535,4617453365;75,1933172164972
yd rq real per capita_region,qu;Degrowth;2042;11525,2218480528;78,6175615556576
yd rq real per capita_region,qu;Degrowth;2043;11487,4781077176;80,5337805324452
yd rq real per capita_region,qu;Degrowth;2044;11456,5820638963;83,2628542759749
yd rq real per capita_region,qu;Degrowth;2045;11409,8190651445;90,9164265336885
yd rq real per capita_region,qu;Degrowth;2046;11345,5750156397;89,0475480145906
yd rq real per capita_region,qu;Degrowth;2047;11325,8337539188;91,1728661203842
yd rq real per capita_region,qu;Degrowth;2048;11280,0163399471;88,2787968935754
yd rq real per capita_region,qu;Degrowth;2049;11228,7084022017;84,810254248694
yd rq real per capita_region,qu;Degrowth;2050;11160,1273117157;88,9991001649405
yd rq real per capita_region,qu;Degrowth;2010;12363,5300817108;0,0
yd rq real per capita_region,qu;Degrowth;2011;12382,6423292709;6,8373820015413
yd rq real per capita_region,qu;Degrowth;2012;12420,8572755194;17,0725146165632
yd rq real per capita_region,qu;Degrowth;2013;12538,2396926102;24,3070129668922
yd rq real per capita_region,qu;Degrowth;2014;12652,11373861;30,854697341254
yd rq real per capita_region,qu;Degrowth;2015;12808,2716625797;35,922669554946
yd rq real per capita_region,qu;Degrowth;2016;12952,3652462425;38,9219506307354
yd rq real per capita_region,qu;Degrowth;2017;13081,8647881697;41,4188570756023
yd rq real per capita_region,qu;Degrowth;2018;13170,4021373777;46,8941419675775
yd rq real per capita_region,qu;Degrowth;2019;13231,7672032443;50,6649885308616
yd rq real per capita_region,qu;Degrowth;2020;12478,263667092;47,2796417755389
yd rq real per capita_region,qu;Degrowth;2021;13321,6206040658;62,8624319090186
yd rq real per capita_region,qu;Degrowth;2022;13915,3347764703;74,1408062865103
yd rq real per capita_region,qu;Degrowth;2023;14108,7614209991;82,8337446775613
yd rq real per capita_region,qu;Degrowth;2024;14195,1912828078;84,1274435211972
yd rq real per capita_region,qu;Degrowth;2025;14267,78204538;89,5756501509277
yd rq real per capita_region,qu;Degrowth;2026;14325,4345780267;94,0807990547519
yd rq real per capita_region,qu;Degrowth;2027;14267,1653226138;94,4044957926371
yd rq real per capita_region,qu;Degrowth;2028;14293,2157497381;96,532903091771
yd rq real per capita_region,qu;Degrowth;2029;14337,6874283213;91,5271366539064
yd rq real per capita_region,qu;Degrowth;2030;14374,2806492023;92,9356117605594
yd rq real per capita_region,qu;Degrowth;2031;14396,2902388418;91,1041514308426
yd rq real per capita_region,qu;Degrowth;2032;14423,6729610688;98,2338051045017
yd rq real per capita_region,qu;Degrowth;2033;14436,8731237065;105,410216044685
yd rq real per capita_region,qu;Degrowth;2034;14446,3927003426;107,102932296833
yd rq real per capita_region,qu;Degrowth;2035;14481,9957711626;106,033347325544
yd rq real per capita_region,qu;Degrowth;2036;14485,5437191137;111,825093048215
yd rq real per capita_region,qu;Degrowth;2037;14471,0829448735;111,366452825782
yd rq real per capita_region,qu;Degrowth;2038;14463,6267349106;109,539019672884
yd rq real per capita_region,qu;Degrowth;2039;14455,5270684991;105,521596693814
yd rq real per capita_region,qu;Degrowth;2040;14448,8882843326;102,418702773955
yd rq real per capita_region,qu;Degrowth;2041;14439,1223171662;102,413879035708
yd rq real per capita_region,qu;Degrowth;2042;14413,0245697015;102,165614437453
yd rq real per capita_region,qu;Degrowth;2043;14373,2065621366;105,537705018841
yd rq real per capita_region,qu;Degrowth;2044;14339,800735288;104,574472607533
yd rq real per capita_region,qu;Degrowth;2045;14284,692704016;110,755865332314
yd rq real per capita_region,qu;Degrowth;2046;14229,6777413971;113,454922728839
yd rq real per capita_region,qu;Degrowth;2047;14188,2754062418;114,798289663033
yd rq real per capita_region,qu;Degrowth;2048;14136,5675010897;113,406226449958
yd rq real per capita_region,qu;Degrowth;2049;14071,0808077289;112,40942964949
yd rq real per capita_region,qu;Degrowth;2050;13997,5604387413;109,97118985771
yd rq real per capita_region,qu;Degrowth;2010;16369,4990289715;0,0
yd rq real per capita_region,qu;Degrowth;2011;16364,404129746;6,92999251932179
yd rq real per capita_region,qu;Degrowth;2012;16376,9450834278;23,6649824815222
yd rq real per capita_region,qu;Degrowth;2013;16497,8506890839;32,497441349522
yd rq real per capita_region,qu;Degrowth;2014;16603,6199972929;38,9892361218554
yd rq real per capita_region,qu;Degrowth;2015;16772,8195273752;45,3783112797664
yd rq real per capita_region,qu;Degrowth;2016;16923,3709258185;49,0260427276553
yd rq real per capita_region,qu;Degrowth;2017;17050,2226151225;55,3997073364026
yd rq real per capita_region,qu;Degrowth;2018;17123,5007854094;59,734052768179
yd rq real per capita_region,qu;Degrowth;2019;17173,8635697002;64,7731683990041
yd rq real per capita_region,qu;Degrowth;2020;16367,1839824814;66,4940239859052
yd rq real per capita_region,qu;Degrowth;2021;17198,6402966918;85,2178125654973
yd rq real per capita_region,qu;Degrowth;2022;17829,276386335;100,553463097534
yd rq real per capita_region,qu;Degrowth;2023;18014,6470512156;112,345657436879
yd rq real per capita_region,qu;Degrowth;2024;18081,2979268056;110,564014415817
yd rq real per capita_region,qu;Degrowth;2025;18137,9547582629;115,708388977691
yd rq real per capita_region,qu;Degrowth;2026;18178,2701166664;120,813871688835
yd rq real per capita_region,qu;Degrowth;2027;18087,9776200455;120,056068836208
yd rq real per capita_region,qu;Degrowth;2028;18110,7266565588;124,749990480661
yd rq real per capita_region,qu;Degrowth;2029;18134,2526891174;116,801447101114
yd rq real per capita_region,qu;Degrowth;2030;18161,1020040175;121,311561039111
yd rq real per capita_region,qu;Degrowth;2031;18168,1607623348;120,929970595904
yd rq real per capita_region,qu;Degrowth;2032;18183,1729307845;127,111863111964
yd rq real per capita_region,qu;Degrowth;2033;18181,5615930151;138,629336233822
yd rq real per capita_region,qu;Degrowth;2034;18175,769650979;138,489510301146
yd rq real per capita_region,qu;Degrowth;2035;18195,0334865785;139,256849739342
yd rq real per capita_region,qu;Degrowth;2036;18178,8911280205;144,153463364924
yd rq real per capita_region,qu;Degrowth;2037;18142,5448619459;144,745185771097
yd rq real per capita_region,qu;Degrowth;2038;18116,021506446;145,350511583159
yd rq real per capita_region,qu;Degrowth;2039;18108,7504976638;138,611525268378
yd rq real per capita_region,qu;Degrowth;2040;18084,5092554126;137,481524162027
yd rq real per capita_region,qu;Degrowth;2041;18057,9660714842;128,457560229313
yd rq real per capita_region,qu;Degrowth;2042;18017,3071199611;126,198486061097
yd rq real per capita_region,qu;Degrowth;2043;17948,221581272;121,07857043177
yd rq real per capita_region,qu;Degrowth;2044;17904,1728430394;123,224067311612
yd rq real per capita_region,qu;Degrowth;2045;17826,5952126526;126,942451640722
yd rq real per capita_region,qu;Degrowth;2046;17753,7073564491;130,790498145496
yd rq real per capita_region,qu;Degrowth;2047;17708,1818886757;130,041507121856
yd rq real per capita_region,qu;Degrowth;2048;17643,8882739327;136,540496321575
yd rq real per capita_region,qu;Degrowth;2049;17561,0284021267;137,168339672464
yd rq real per capita_region,qu;Degrowth;2050;17461,0082711227;133,834223828866
yd rq real per capita_region,qu;Degrowth;2010;19425,1853920676;0,0
yd rq real per capita_region,qu;Degrowth;2011;19406,9481853038;6,2901099886185
yd rq real per capita_region,qu;Degrowth;2012;19419,4590078613;26,6301905509226
yd rq real per capita_region,qu;Degrowth;2013;19553,3042342719;35,6455539993458
yd rq real per capita_region,qu;Degrowth;2014;19663,374328162;45,0968445490562
yd rq real per capita_region,qu;Degrowth;2015;19846,3931907821;51,169253064958
yd rq real per capita_region,qu;Degrowth;2016;19995,5997391918;56,133841031351
yd rq real per capita_region,qu;Degrowth;2017;20128,1853295456;62,7147444318452
yd rq real per capita_region,qu;Degrowth;2018;20193,1850854162;69,1288945460328
yd rq real per capita_region,qu;Degrowth;2019;20219,203856069;77,6371837236547
yd rq real per capita_region,qu;Degrowth;2020;19261,3977669842;78,245628558423
yd rq real per capita_region,qu;Degrowth;2021;20198,555002819;100,520940939892
yd rq real per capita_region,qu;Degrowth;2022;20904,3565588919;117,501076258768
yd rq real per capita_region,qu;Degrowth;2023;21098,4583758109;123,276869861309
yd rq real per capita_region,qu;Degrowth;2024;21169,8858977354;123,848638631331
yd rq real per capita_region,qu;Degrowth;2025;21221,4198219386;130,954884024539
yd rq real per capita_region,qu;Degrowth;2026;21258,5127697231;136,181276056906
yd rq real per capita_region,qu;Degrowth;2027;21132,9810421301;138,672946397664
yd rq real per capita_region,qu;Degrowth;2028;21151,687737111;135,81994579449
yd rq real per capita_region,qu;Degrowth;2029;21184,4571708839;139,510416105408
yd rq real per capita_region,qu;Degrowth;2030;21198,0758780963;135,229947634056
yd rq real per capita_region,qu;Degrowth;2031;21203,7925515442;137,217146395629
yd rq real per capita_region,qu;Degrowth;2032;21216,1597653092;155,867846057732
yd rq real per capita_region,qu;Degrowth;2033;21213,1033250659;163,258113739525
yd rq real per capita_region,qu;Degrowth;2034;21197,8852118432;164,406283364886
yd rq real per capita_region,qu;Degrowth;2035;21221,0244193575;161,212597826498
yd rq real per capita_region,qu;Degrowth;2036;21197,1799285375;174,013546276898
yd rq real per capita_region,qu;Degrowth;2037;21160,0012910115;166,589612060323
yd rq real per capita_region,qu;Degrowth;2038;21132,5550441878;170,472095680519
yd rq real per capita_region,qu;Degrowth;2039;21120,2320231799;162,902345723946
yd rq real per capita_region,qu;Degrowth;2040;21087,8137927188;158,450973259229
yd rq real per capita_region,qu;Degrowth;2041;21046,9415657269;146,334980223493
yd rq real per capita_region,qu;Degrowth;2042;20996,0869754224;141,09338166813
yd rq real per capita_region,qu;Degrowth;2043;20911,1774543549;144,776947090188
yd rq real per capita_region,qu;Degrowth;2044;20854,6593379103;143,050501733642
yd rq real per capita_region,qu;Degrowth;2045;20764,6238629895;148,586008178985
yd rq real per capita_region,qu;Degrowth;2046;20665,4137281048;154,128497090847
yd rq real per capita_region,qu;Degrowth;2047;20609,0663814149;151,458455754148
yd rq real per capita_region,qu;Degrowth;2048;20532,5591971203;153,58552946762
yd rq real per capita_region,qu;Degrowth;2049;20423,896940762;158,993184625753
yd rq real per capita_region,qu;Degrowth;2050;20321,9362689782;155,882707794877
yd rq real per capita_region,qu;Degrowth;2010;31823,5443708357;0,0
yd rq real per capita_region,qu;Degrowth;2011;31957,5484073536;15,9153799955548
yd rq real per capita_region,qu;Degrowth;2012;32159,4601201625;45,388361425441
yd rq real per capita_region,qu;Degrowth;2013;32481,699447646;50,3997172022064
yd rq real per capita_region,qu;Degrowth;2014;32691,4935285035;62,9071481361025
yd rq real per capita_region,qu;Degrowth;2015;32966,8452225872;69,4898687948844
yd rq real per capita_region,qu;Degrowth;2016;33143,0455701157;80,6890942806276
yd rq real per capita_region,qu;Degrowth;2017;33341,2826022997;90,2315130266543
yd rq real per capita_region,qu;Degrowth;2018;33365,0526177576;102,225927605021
yd rq real per capita_region,qu;Degrowth;2019;33262,3075446865;113,683756304828
yd rq real per capita_region,qu;Degrowth;2020;31526,0061144418;143,26829293023
yd rq real per capita_region,qu;Degrowth;2021;32942,2148362567;152,128804115579
yd rq real per capita_region,qu;Degrowth;2022;34165,5641724377;179,300814214166
yd rq real per capita_region,qu;Green growth;2010;10055,0096269394;0,0
yd rq real per capita_region,qu;Green growth;2011;9948,05774778283;20,1801176126692
yd rq real per capita_region,qu;Green growth;2012;9867,98461583321;23,1493130098215
yd rq real per capita_region,qu;Green growth;2013;9914,92936780318;24,5246477359933
yd rq real per capita_region,qu;Green growth;2014;10001,8465108139;28,9300393474814
yd rq real per capita_region,qu;Green growth;2015;10144,7113456561;28,3490037127676
yd rq real per capita_region,qu;Green growth;2016;10301,6632744247;29,6037455002261
yd rq real per capita_region,qu;Green growth;2017;10432,1570337236;34,2610273173486
yd rq real per capita_region,qu;Green growth;2018;10488,8080897205;37,2206453623894
yd rq real per capita_region,qu;Green growth;2019;10530,8505490627;39,9399467520179
yd rq real per capita_region,qu;Green growth;2020;9898,95903034907;43,4022316145483
yd rq real per capita_region,qu;Green growth;2021;10599,7613198169;52,0344571958776
yd rq real per capita_region,qu;Green growth;2022;11231,9110307166;57,6741115937784
yd rq real per capita_region,qu;Green growth;2023;11493,8781408636;63,6430647800953
yd rq real per capita_region,qu;Green growth;2024;11587,2908351008;72,3255170195516
yd rq real per capita_region,qu;Green growth;2025;11695,3966347226;71,4052756081401
yd rq real per capita_region,qu;Green growth;2026;11757,168947315;69,4605340289172
yd rq real per capita_region,qu;Green growth;2027;11603,4178267491;70,8768538542308
yd rq real per capita_region,qu;Green growth;2028;11622,2077400601;69,3177646194863
yd rq real per capita_region,qu;Green growth;2029;11702,8298444001;74,0659050294253
yd rq real per capita_region,qu;Green growth;2030;11821,4346484474;75,9559570584797
yd rq real per capita_region,qu;Green growth;2031;11920,7332117048;77,2198196844838
yd rq real per capita_region,qu;Green growth;2032;12021,8918044307;82,9748550914937
yd rq real per capita_region,qu;Green growth;2033;12127,9538854995;81,5234359498072
yd rq real per capita_region,qu;Green growth;2034;12250,2650322278;86,4372779697142
yd rq real per capita_region,qu;Green growth;2035;12441,115884163;94,0650951998396
yd rq real per capita_region,qu;Green growth;2036;12573,1697247031;91,439931776602
yd rq real per capita_region,qu;Green growth;2037;12690,1970358685;100,196343793106
yd rq real per capita_region,qu;Green growth;2038;12789,7930953536;106,324757426712
yd rq real per capita_region,qu;Green growth;2039;12900,4303822225;111,157108706576
yd rq real per capita_region,qu;Green growth;2040;13006,48958029;106,584278150326
yd rq real per capita_region,qu;Green growth;2041;13109,8356845833;116,250675972423
yd rq real per capita_region,qu;Green growth;2042;13209,5435213955;111,157128093955
yd rq real per capita_region,qu;Green growth;2043;13280,8614500611;117,724355548554
yd rq real per capita_region,qu;Green growth;2044;13367,1524231913;122,675209646571
yd rq real per capita_region,qu;Green growth;2045;13461,2103793577;122,359804101904
yd rq real per capita_region,qu;Green growth;2046;13561,5700281591;127,619567733808
yd rq real per capita_region,qu;Green growth;2047;13712,1506202492;127,844277510974
yd rq real per capita_region,qu;Green growth;2048;13842,2847939295;134,255696395212
yd rq real per capita_region,qu;Green growth;2049;13956,8402709643;139,902992621343
yd rq real per capita_region,qu;Green growth;2050;14056,9698989004;147,41101231874
yd rq real per capita_region,qu;Green growth;2010;15171,2133248998;0,0
yd rq real per capita_region,qu;Green growth;2011;15107,2507918191;10,8785157199118
yd rq real per capita_region,qu;Green growth;2012;15050,4595547863;20,3537548124468
yd rq real per capita_region,qu;Green growth;2013;15133,2564920258;27,5385646839913
yd rq real per capita_region,qu;Green growth;2014;15224,8969512642;32,8812518430668
yd rq real per capita_region,qu;Green growth;2015;15376,8376360107;35,440636867791
yd rq real per capita_region,qu;Green growth;2016;15524,7433128033;35,8037106486554
yd rq real per capita_region,qu;Green growth;2017;15638,4857681546;43,843663968868
yd rq real per capita_region,qu;Green growth;2018;15692,7778031156;46,1873057500761
yd rq real per capita_region,qu;Green growth;2019;15722,2291320156;51,7681319393887
yd rq real per capita_region,qu;Green growth;2020;14981,2129142518;55,4834449717446
yd rq real per capita_region,qu;Green growth;2021;15755,7798631509;67,3843973352659
yd rq real per capita_region,qu;Green growth;2022;16402,9198948058;78,6968440457595
yd rq real per capita_region,qu;Green growth;2023;16611,0668321185;94,1579992208226
yd rq real per capita_region,qu;Green growth;2024;16654,1520597428;92,111194819372
yd rq real per capita_region,qu;Green growth;2025;16725,505195424;96,8578186818631
yd rq real per capita_region,qu;Green growth;2026;16798,9618348832;103,879170723125
yd rq real per capita_region,qu;Green growth;2027;16705,1972506581;103,595595239145
yd rq real per capita_region,qu;Green growth;2028;16758,6306696634;104,00115944885
yd rq real per capita_region,qu;Green growth;2029;16844,2506619801;107,840814699326
yd rq real per capita_region,qu;Green growth;2030;16948,5042220592;110,727296319945
yd rq real per capita_region,qu;Green growth;2031;17026,6602935135;106,665085156683
yd rq real per capita_region,qu;Green growth;2032;17134,5322665333;117,351957299235
yd rq real per capita_region,qu;Green growth;2033;17231,1775183801;124,400194337941
yd rq real per capita_region,qu;Green growth;2034;17314,5571268424;123,190431267934
yd rq real per capita_region,qu;Green growth;2035;17472,7809313433;132,477715361854
yd rq real per capita_region,qu;Green growth;2036;17578,154820693;137,453547537059
yd rq real per capita_region,qu;Green growth;2037;17673,894938144;138,093565510368
yd rq real per capita_region,qu;Green growth;2038;17768,5785966169;146,723844056123
yd rq real per capita_region,qu;Green growth;2039;17889,4603815556;147,939585938902
yd rq real per capita_region,qu;Green growth;2040;17988,6442716134;148,836160829633
yd rq real per capita_region,qu;Green growth;2041;18095,8378450136;153,925124730411
yd rq real per capita_region,qu;Green growth;2042;18198,0471696306;154,128364422886
yd rq real per capita_region,qu;Green growth;2043;18275,5642218107;158,645534465893
yd rq real per capita_region,qu;Green growth;2044;18361,18292993;164,569125140914
yd rq real per capita_region,qu;Green growth;2045;18462,3216622477;167,857238335486
yd rq real per capita_region,qu;Green growth;2046;18561,0610014672;165,743999458737
yd rq real per capita_region,qu;Green growth;2047;18685,4737519764;174,042822287418
yd rq real per capita_region,qu;Green growth;2048;18800,2110651183;175,089419601858
yd rq real per capita_region,qu;Green growth;2049;18889,8556171458;175,671238077666
yd rq real per capita_region,qu;Green growth;2050;18982,3450124164;187,830654596075
yd rq real per capita_region,qu;Green growth;2010;19492,7127500776;0,0
yd rq real per capita_region,qu;Green growth;2011;19415,9685359436;8,88524976520057
yd rq real per capita_region,qu;Green growth;2012;19339,9226937459;27,7839681693822
yd rq real per capita_region,qu;Green growth;2013;19432,2260093433;37,209843356437
yd rq real per capita_region,qu;Green growth;2014;19518,8538346876;44,6761371422126
yd rq real per capita_region,qu;Green growth;2015;19687,9535037243;49,1027219346797
yd rq real per capita_region,qu;Green growth;2016;19831,6243126615;53,3723762427817
yd rq real per capita_region,qu;Green growth;2017;19946,7344092153;61,6583228263717
yd rq real per capita_region,qu;Green growth;2018;19985,9367861327;64,9156429172381
yd rq real per capita_region,qu;Green growth;2019;19996,2177423261;69,7805130381421
yd rq real per capita_region,qu;Green growth;2020;19024,5678942525;76,7915875757062
yd rq real per capita_region,qu;Green growth;2021;19943,6618848479;101,150417780207
yd rq real per capita_region,qu;Green growth;2022;20709,134519792;111,258659634235
yd rq real per capita_region,qu;Green growth;2023;20905,6199521381;123,834189063686
yd rq real per capita_region,qu;Green growth;2024;20946,047377074;129,848923604268
yd rq real per capita_region,qu;Green growth;2025;21009,5674648655;131,70582059062
yd rq real per capita_region,qu;Green growth;2026;21088,7815230145;144,566048861401
yd rq real per capita_region,qu;Green growth;2027;20997,0471740698;139,767078645169
yd rq real per capita_region,qu;Green growth;2028;21069,2337912759;141,659550850281
yd rq real per capita_region,qu;Green growth;2029;21170,4490242518;150,944731982821
yd rq real per capita_region,qu;Green growth;2030;21284,0814885463;144,796106740227
yd rq real per capita_region,qu;Green growth;2031;21370,8613440937;146,085392068253
yd rq real per capita_region,qu;Green growth;2032;21488,9522200862;162,469128655412
yd rq real per capita_region,qu;Green growth;2033;21596,2848328561;177,64236642281
yd rq real per capita_region,qu;Green growth;2034;21688,8023486164;172,961222381755
yd rq real per capita_region,qu;Green growth;2035;21860,587755585;179,555696173127
yd rq real per capita_region,qu;Green growth;2036;21976,92801021;190,908322678559
yd rq real per capita_region,qu;Green growth;2037;22084,3960018477;195,013230087896
yd rq real per capita_region,qu;Green growth;2038;22191,0176099076;198,881569658597
yd rq real per capita_region,qu;Green growth;2039;22332,4741561043;205,927528520035
yd rq real per capita_region,qu;Green growth;2040;22446,6738416767;212,081036037711
yd rq real per capita_region,qu;Green growth;2041;22575,3304464511;211,772681830535
yd rq real per capita_region,qu;Green growth;2042;22703,8301495262;208,546029611325
yd rq real per capita_region,qu;Green growth;2043;22799,1883763319;214,780555105683
yd rq real per capita_region,qu;Green growth;2044;22917,229629385;228,762400939866
yd rq real per capita_region,qu;Green growth;2045;23023,0173811206;216,843962702022
yd rq real per capita_region,qu;Green growth;2046;23148,0444778966;226,679570075914
yd rq real per capita_region,qu;Green growth;2047;23287,7414212178;232,430627014695
yd rq real per capita_region,qu;Green growth;2048;23409,0515628638;235,542234480796
yd rq real per capita_region,qu;Green growth;2049;23505,8819783213;248,230918916022
yd rq real per capita_region,qu;Green growth;2050;23618,6731792344;250,098349217636
yd rq real per capita_region,qu;Green growth;2010;21371,8925165531;0,0
yd rq real per capita_region,qu;Green growth;2011;21276,9920466615;7,24132892144189
yd rq real per capita_region,qu;Green growth;2012;21203,4011886434;27,3061565887674
yd rq real per capita_region,qu;Green growth;2013;21293,6656769209;37,0267973291411
yd rq real per capita_region,qu;Green growth;2014;21371,785398021;44,6352908119406
yd rq real per capita_region,qu;Green growth;2015;21528,7819542289;51,4180584075693
yd rq real per capita_region,qu;Green growth;2016;21656,9839791128;51,7653592925562
yd rq real per capita_region,qu;Green growth;2017;21758,739347293;59,5664395734402
yd rq real per capita_region,qu;Green growth;2018;21777,2437708171;64,2397833201903
yd rq real per capita_region,qu;Green growth;2019;21759,5205623027;74,8594983266466
yd rq real per capita_region,qu;Green growth;2020;20921,8809698278;79,8113828432142
yd rq real per capita_region,qu;Green growth;2021;21697,8760911825;102,838833399343
yd rq real per capita_region,qu;Green growth;2022;22361,7308939232;110,317552241571
yd rq real per capita_region,qu;Green growth;2023;22540,1559215258;122,028698257062
yd rq real per capita_region,qu;Green growth;2024;22561,8087950057;127,602051753474
yd rq real per capita_region,qu;Green growth;2025;22603,0375742123;127,078772627967
yd rq real per capita_region,qu;Green growth;2026;22672,4391781232;137,394495236289
yd rq real per capita_region,qu;Green growth;2027;22553,4666645531;139,267516085041
yd rq real per capita_region,qu;Green growth;2028;22610,9702687936;140,359741285647
yd rq real per capita_region,qu;Green growth;2029;22699,1409575242;140,923957591471
yd rq real per capita_region,qu;Green growth;2030;22782,2279615872;146,882356287926
yd rq real per capita_region,qu;Green growth;2031;22858,1588888797;146,002250635345
yd rq real per capita_region,qu;Green growth;2032;22958,5324112761;161,16689395769
yd rq real per capita_region,qu;Green growth;2033;23051,4217292949;171,718930048259
yd rq real per capita_region,qu;Green growth;2034;23140,8995880155;170,04449847608
yd rq real per capita_region,qu;Green growth;2035;23288,5421198517;179,359280740895
yd rq real per capita_region,qu;Green growth;2036;23389,2346091822;190,363062988119
yd rq real per capita_region,qu;Green growth;2037;23487,6412395539;193,611818421499
yd rq real per capita_region,qu;Green growth;2038;23587,9753479881;201,537098992123
yd rq real per capita_region,qu;Green growth;2039;23716,3813594907;208,704933070412
yd rq real per capita_region,qu;Green growth;2040;23816,0656990794;209,345898013244
yd rq real per capita_region,qu;Green growth;2041;23931,4506858624;210,405687515378
yd rq real per capita_region,qu;Green growth;2042;24051,2419364393;215,407980628084
yd rq real per capita_region,qu;Green growth;2043;24144,2352445329;217,897880799988
yd rq real per capita_region,qu;Green growth;2044;24243,4825470737;232,052510723832
yd rq real per capita_region,qu;Green growth;2045;24350,5184891144;225,615597889242
yd rq real per capita_region,qu;Green growth;2046;24450,6346770962;235,522690138681
yd rq real per capita_region,qu;Green growth;2047;24578,7025553414;246,717068208345
yd rq real per capita_region,qu;Green growth;2048;24684,4160171599;251,821143285013
yd rq real per capita_region,qu;Green growth;2049;24764,9109624024;254,309089920456
yd rq real per capita_region,qu;Green growth;2050;24862,9206758995;259,979622262848
yd rq real per capita_region,qu;Green growth;2010;32616,2690702346;0,0
yd rq real per capita_region,qu;Green growth;2011;32601,3158236343;17,1284413671547
yd rq real per capita_region,qu;Green growth;2012;32662,8875469615;43,1204255008452
yd rq real per capita_region,qu;Green growth;2013;32913,7642505536;50,1442913556639
yd rq real per capita_region,qu;Green growth;2014;33095,7711068959;60,3445497549437
yd rq real per capita_region,qu;Green growth;2015;33357,1521177555;71,0851324055802
yd rq real per capita_region,qu;Green growth;2016;33546,4429430304;78,4594328044841
yd rq real per capita_region,qu;Green growth;2017;33738,7092017228;87,8909795170039
yd rq real per capita_region,qu;Green growth;2018;33738,987219054;103,064917215172
yd rq real per capita_region,qu;Green growth;2019;33625,4619743106;118,075235778299
yd rq real per capita_region,qu;Green growth;2020;32088,7882571487;142,180357199333
yd rq real per capita_region,qu;Green growth;2021;33325,7413487431;154,021032973626
yd rq real per capita_region,qu;Green growth;2022;34446,398721888;168,664272620404
yd rq real per capita_region,qu;Green growth;2023;34720,0642569854;169,620924844639
yd rq real per capita_region,qu;Green growth;2024;34838,4070765914;179,461924051921
yd rq real per capita_region,qu;Green growth;2025;34938,5332736678;181,473233476794
yd rq real per capita_region,qu;Green growth;2026;35080,3298393589;178,766970741512
yd rq real per capita_region,qu;Green growth;2027;34857,3332054998;197,158086448584
yd rq real per capita_region,qu;Green growth;2028;34961,1224255948;201,067738916609
yd rq real per capita_region,qu;Green growth;2029;35125,3045673195;221,232729917123
yd rq real per capita_region,qu;Green growth;2030;35297,8454727596;232,663028399962
yd rq real per capita_region,qu;Green growth;2031;35472,8862908816;246,110371656425
yd rq real per capita_region,qu;Green growth;2032;35661,3361698618;255,738733733709
yd rq real per capita_region,qu;Green growth;2033;35850,6932510452;264,771759341904
yd rq real per capita_region,qu;Green growth;2034;36045,4771374459;286,566582027372
yd rq real per capita_region,qu;Green growth;2035;36329,1851097363;283,333045588268
yd rq real per capita_region,qu;Green growth;2036;36585,0501869144;324,503845319719
yd rq real per capita_region,qu;Green growth;2037;36812,4950322486;322,275511457239
yd rq real per capita_region,qu;Green growth;2038;37085,8233651552;344,090284349339
yd rq real per capita_region,qu;Green growth;2039;37366,5613950586;348,088420747812
yd rq real per capita_region,qu;Green growth;2040;37627,3193568488;349,391790537164
yd rq real per capita_region,qu;Green growth;2041;37885,6152267256;370,639585097375
yd rq real per capita_region,qu;Green growth;2042;38141,8201082938;385,981697892836
yd rq real per capita_region,qu;Green growth;2043;38390,7078236943;388,242116298134
yd rq real per capita_region,qu;Green growth;2044;38613,5634845619;406,074765060355
yd rq real per capita_region,qu;Green growth;2045;38847,9854509237;436,126409857199
yd rq real per capita_region,qu;Green growth;2046;39092,7924391374;460,627855431605
yd rq real per capita_region,qu;Green growth;2047;39343,3508057575;473,421432813477
yd rq real per capita_region,qu;Green growth;2048;39602,6448923154;495,095968292066
yd rq real per capita_region,qu;Green growth;2049;39845,0431286257;504,448744281144
yd rq real per capita_region,qu;Green growth;2050;40157,0548692688;535,855775877357
yd rq real per capita_region,qu;Green growth;2010;13711,7986814287;0,0
yd rq real per capita_region,qu;Green growth;2011;13642,0337936298;15,634007913146
yd rq real per capita_region,qu;Green growth;2012;13546,9366012529;21,2959621788004
yd rq real per capita_region,qu;Green growth;2013;13610,4206135039;29,5996811725536
yd rq real per capita_region,qu;Green growth;2014;13705,8029602523;31,6967916441181
yd rq real per capita_region,qu;Green growth;2015;13862,61590828;34,9350346090687
yd rq real per capita_region,qu;Green growth;2016;14028,37343229;32,1336746000452
yd rq real per capita_region,qu;Green growth;2017;14158,7327357885;38,6481810570167
yd rq real per capita_region,qu;Green growth;2018;14209,0754715369;40,3206783630358
yd rq real per capita_region,qu;Green growth;2019;14245,3549841785;44,2446846595276
yd rq real per capita_region,qu;Green growth;2020;13672,9336762343;47,9960639026785
yd rq real per capita_region,qu;Green growth;2021;14270,6577068569;61,6598868621695
yd rq real per capita_region,qu;Green growth;2022;14928,5953557485;67,4154741925604
yd rq real per capita_region,qu;Green growth;2023;15154,2832713489;76,1096124175119
yd rq real per capita_region,qu;Green growth;2024;15229,6998772907;79,3657776182599
yd rq real per capita_region,qu;Green growth;2025;15336,8735927754;83,0958032539256
yd rq real per capita_region,qu;Green growth;2026;15405,1672940997;88,4794729530859
yd rq real per capita_region,qu;Green growth;2027;15250,9881386194;88,1580355672859
yd rq real per capita_region,qu;Green growth;2028;15315,2266233204;86,311818976581
yd rq real per capita_region,qu;Green growth;2029;15419,8554000578;87,2948874749563
yd rq real per capita_region,qu;Green growth;2030;15534,7665107032;89,1633593184561
yd rq real per capita_region,qu;Green growth;2031;15647,4870142149;85,4577083106806
yd rq real per capita_region,qu;Green growth;2032;15764,1815884513;94,402226206701
yd rq real per capita_region,qu;Green growth;2033;15875,8023549963;101,878996305708
yd rq real per capita_region,qu;Green growth;2034;15998,0142861333;110,572496236145
yd rq real per capita_region,qu;Green growth;2035;16208,0097550021;109,197587861522
yd rq real per capita_region,qu;Green growth;2036;16327,3475803504;111,773975903749
yd rq real per capita_region,qu;Green growth;2037;16454,483238149;115,5722490053
yd rq real per capita_region,qu;Green growth;2038;16560,4359169205;119,405678374167
yd rq real per capita_region,qu;Green growth;2039;16684,8656833049;113,522815372109
yd rq real per capita_region,qu;Green growth;2040;16791,7345069781;120,329149006704
yd rq real per capita_region,qu;Green growth;2041;16915,2976459053;126,371486008486
yd rq real per capita_region,qu;Green growth;2042;17034,2054510083;124,403642997362
yd rq real per capita_region,qu;Green growth;2043;17131,04435364;129,513215545916
yd rq real per capita_region,qu;Green growth;2044;17228,7249256196;140,730926472403
yd rq real per capita_region,qu;Green growth;2045;17338,8156011985;139,737972712872
yd rq real per capita_region,qu;Green growth;2046;17469,6457114145;143,680956731223
yd rq real per capita_region,qu;Green growth;2047;17627,3452326171;145,735518193554
yd rq real per capita_region,qu;Green growth;2048;17763,1843215148;147,846908769587
yd rq real per capita_region,qu;Green growth;2049;17888,5897314433;149,57002430278
yd rq real per capita_region,qu;Green growth;2050;17997,9509856801;160,418980773764
yd rq real per capita_region,qu;Green growth;2010;12740,8649534873;0,0
yd rq real per capita_region,qu;Green growth;2011;12751,0496698573;5,56362958136833
yd rq real per capita_region,qu;Green growth;2012;12738,3765478042;16,8979870437306
yd rq real per capita_region,qu;Green growth;2013;12839,3912198788;24,6912499620785
yd rq real per capita_region,qu;Green growth;2014;12939,6543356676;31,3539744372429
yd rq real per capita_region,qu;Green growth;2015;13081,8567602037;35,4757053647772
yd rq real per capita_region,qu;Green growth;2016;13210,3397328609;36,8391317022033
yd rq real per capita_region,qu;Green growth;2017;13316,5945262722;40,5980140483998
yd rq real per capita_region,qu;Green growth;2018;13382,7948256406;46,503759848476
yd rq real per capita_region,qu;Green growth;2019;13433,8169125643;46,6508270398936
yd rq real per capita_region,qu;Green growth;2020;12760,4888639361;43,2956497539744
yd rq real per capita_region,qu;Green growth;2021;13321,7880178316;57,8059830416641
yd rq real per capita_region,qu;Green growth;2022;13758,9406673736;67,2299690455284
yd rq real per capita_region,qu;Green growth;2023;13884,5781722911;70,510309213324
yd rq real per capita_region,qu;Green growth;2024;13925,5305943894;73,6188952264401
yd rq real per capita_region,qu;Green growth;2025;13995,0200673635;77,1319308923112
yd rq real per capita_region,qu;Green growth;2026;14066,3220882365;83,4683204710736
yd rq real per capita_region,qu;Green growth;2027;14049,3013620825;81,8134868863799
yd rq real per capita_region,qu;Green growth;2028;14127,1237076325;84,8696258087066
yd rq real per capita_region,qu;Green growth;2029;14205,3738546101;80,5942062053782
yd rq real per capita_region,qu;Green growth;2030;14285,0431791763;79,3405089015669
yd rq real per capita_region,qu;Green growth;2031;14350,9939897082;80,8472988906142
yd rq real per capita_region,qu;Green growth;2032;14427,6713932846;86,193788631912
yd rq real per capita_region,qu;Green growth;2033;14492,2729672781;88,0893327571657
yd rq real per capita_region,qu;Green growth;2034;14564,5926146629;90,340302716424
yd rq real per capita_region,qu;Green growth;2035;14660,2687010968;96,7826146323623
yd rq real per capita_region,qu;Green growth;2036;14725,5136465557;98,3034665925834
yd rq real per capita_region,qu;Green growth;2037;14785,9874386975;104,509562255107
yd rq real per capita_region,qu;Green growth;2038;14844,7742968894;104,350941249434
yd rq real per capita_region,qu;Green growth;2039;14919,956478658;104,132962473749
yd rq real per capita_region,qu;Green growth;2040;14987,8812634219;104,51797184747
yd rq real per capita_region,qu;Green growth;2041;15062,3753826005;109,226034457919
yd rq real per capita_region,qu;Green growth;2042;15134,2105336237;107,196858418946
yd rq real per capita_region,qu;Green growth;2043;15193,699374067;108,34467286534
yd rq real per capita_region,qu;Green growth;2044;15258,0597431601;116,659002433055
yd rq real per capita_region,qu;Green growth;2045;15324,5680632909;113,621032258689
yd rq real per capita_region,qu;Green growth;2046;15399,6684662191;117,744767884152
yd rq real per capita_region,qu;Green growth;2047;15475,3835031578;122,977549919721
yd rq real per capita_region,qu;Green growth;2048;15540,6418926307;124,822251914572
yd rq real per capita_region,qu;Green growth;2049;15591,6600074144;121,634539782503
yd rq real per capita_region,qu;Green growth;2050;15641,4269732993;131,480062337923
yd rq real per capita_region,qu;Green growth;2010;32577,0398326472;0,0
yd rq real per capita_region,qu;Green growth;2011;32503,2055023261;17,5460999333936
yd rq real per capita_region,qu;Green growth;2012;32313,5692516091;53,5762200974987
yd rq real per capita_region,qu;Green growth;2013;32419,8306459697;69,1399705990716
yd rq real per capita_region,qu;Green growth;2014;32491,1161781134;75,7884782599976
yd rq real per capita_region,qu;Green growth;2015;32716,1935924409;80,0558875549414
yd rq real per capita_region,qu;Green growth;2016;32916,6384762066;81,8744846343616
yd rq real per capita_region,qu;Green growth;2017;33052,3951870066;97,7177443088985
yd rq real per capita_region,qu;Green growth;2018;33040,1802862364;96,5851698191909
yd rq real per capita_region,qu;Green growth;2019;33006,2248356924;114,450790260373
yd rq real per capita_region,qu;Green growth;2020;31896,8504869086;141,848626559296
yd rq real per capita_region,qu;Green growth;2021;32757,2554215774;170,001507308418
yd rq real per capita_region,qu;Green growth;2022;33910,0197990939;172,502968929552
yd rq real per capita_region,qu;Green growth;2023;34105,371141731;194,158554126119
yd rq real per capita_region,qu;Green growth;2024;34130,9300553932;206,784128684834
yd rq real per capita_region,qu;Green growth;2025;34233,101555201;198,901005023494
yd rq real per capita_region,qu;Green growth;2026;34326,3900490638;201,807448777788
yd rq real per capita_region,qu;Green growth;2027;34055,3656488909;218,75879346954
yd rq real per capita_region,qu;Green growth;2028;34168,5376250783;201,228868206741
yd rq real per capita_region,qu;Green growth;2029;34326,9796634197;230,561382878612
yd rq real per capita_region,qu;Green growth;2030;34470,1233170537;232,208137318077
yd rq real per capita_region,qu;Green growth;2031;34628,2126258597;231,388846409041
yd rq real per capita_region,qu;Green growth;2032;34800,8752163407;243,911349477341
yd rq real per capita_region,qu;Green growth;2033;34975,9352305315;265,593358485028
yd rq real per capita_region,qu;Green growth;2034;35150,6496482291;269,233801876613
yd rq real per capita_region,qu;Green growth;2035;35430,7295419599;271,751093675757
yd rq real per capita_region,qu;Green growth;2036;35620,5764773852;298,848654568752
yd rq real per capita_region,qu;Green growth;2037;35767,6076580678;298,088709254946
yd rq real per capita_region,qu;Green growth;2038;35946,6919151397;310,876962843617
yd rq real per capita_region,qu;Green growth;2039;36166,5190841553;313,960782084319
yd rq real per capita_region,qu;Green growth;2040;36369,4011729242;317,284452179432
yd rq real per capita_region,qu;Green growth;2041;36592,389369908;303,796487769428
yd rq real per capita_region,qu;Green growth;2042;36795,5603168936;311,000976352006
yd rq real per capita_region,qu;Green growth;2043;36962,5762569938;321,237025159087
yd rq real per capita_region,qu;Green growth;2044;37124,0959893065;333,913707019714
yd rq real per capita_region,qu;Green growth;2045;37325,0854291531;345,292799938598
yd rq real per capita_region,qu;Green growth;2046;37545,338251986;346,644819936264
yd rq real per capita_region,qu;Green growth;2047;37796,9674346298;353,040491011798
yd rq real per capita_region,qu;Green growth;2048;38012,7727754809;360,065707237336
yd rq real per capita_region,qu;Green growth;2049;38181,2776019818;370,909641410599
yd rq real per capita_region,qu;Green growth;2050;38331,3389344324;397,711713738045
yd rq real per capita_region,qu;Green growth;2010;23383,8202247494;0,0
yd rq real per capita_region,qu;Green growth;2011;23253,5659740965;10,339488932852
yd rq real per capita_region,qu;Green growth;2012;23120,1507447347;32,2223448127643
yd rq real per capita_region,qu;Green growth;2013;23184,7307293077;42,6706576709585
yd rq real per capita_region,qu;Green growth;2014;23240,7588788492;49,2561286666787
yd rq real per capita_region,qu;Green growth;2015;23402,04063337;58,1560267569093
yd rq real per capita_region,qu;Green growth;2016;23540,6945365522;58,8715350009606
yd rq real per capita_region,qu;Green growth;2017;23639,5429408109;65,2422539839463
yd rq real per capita_region,qu;Green growth;2018;23653,9802903753;71,3932575014169
yd rq real per capita_region,qu;Green growth;2019;23630,8295642157;76,3831163288924
yd rq real per capita_region,qu;Green growth;2020;22962,4526198703;90,8998030390121
yd rq real per capita_region,qu;Green growth;2021;23572,9370261759;114,04896859867
yd rq real per capita_region,qu;Green growth;2022;24213,9709309949;122,01956959519
yd rq real per capita_region,qu;Green growth;2023;24392,2521126774;141,736056251471
yd rq real per capita_region,qu;Green growth;2024;24418,9596392205;138,473819234872
yd rq real per capita_region,qu;Green growth;2025;24482,8600851782;147,269762858468
yd rq real per capita_region,qu;Green growth;2026;24555,7647305616;155,469380151946
yd rq real per capita_region,qu;Green growth;2027;24418,0773320066;154,564807696937
yd rq real per capita_region,qu;Green growth;2028;24485,551288225;155,918381133551
yd rq real per capita_region,qu;Green growth;2029;24602,2701060732;163,873710523634
yd rq real per capita_region,qu;Green growth;2030;24712,2301724657;156,469197977405
yd rq real per capita_region,qu;Green growth;2031;24813,2914981704;158,724794705346
yd rq real per capita_region,qu;Green growth;2032;24942,0527628526;172,722365972109
yd rq real per capita_region,qu;Green growth;2033;25070,0454559604;194,429670595613
yd rq real per capita_region,qu;Green growth;2034;25178,2351094217;187,128894244313
yd rq real per capita_region,qu;Green growth;2035;25381,8768208896;198,544279312733
yd rq real per capita_region,qu;Green growth;2036;25525,1040244312;207,193185068823
yd rq real per capita_region,qu;Green growth;2037;25650,8447307939;216,019909219018
yd rq real per capita_region,qu;Green growth;2038;25779,9118362742;219,635063725362
yd rq real per capita_region,qu;Green growth;2039;25940,4875101201;224,30889260965
yd rq real per capita_region,qu;Green growth;2040;26084,131885268;229,01283951454
yd rq real per capita_region,qu;Green growth;2041;26230,4524942797;221,906312222809
yd rq real per capita_region,qu;Green growth;2042;26389,3777888475;231,229897325273
yd rq real per capita_region,qu;Green growth;2043;26501,6367550931;233,289792543537
yd rq real per capita_region,qu;Green growth;2044;26631,4256554403;244,420354680149
yd rq real per capita_region,qu;Green growth;2045;26783,929711821;238,120092079867
yd rq real per capita_region,qu;Green growth;2046;26920,0740186726;252,373583826196
yd rq real per capita_region,qu;Green growth;2047;27095,0303748158;246,004406654178
yd rq real per capita_region,qu;Green growth;2048;27247,2025041599;250,100384136842
yd rq real per capita_region,qu;Green growth;2049;27364,1085879527;267,992097406775
yd rq real per capita_region,qu;Green growth;2050;27493,4290741512;277,511369616726
yd rq real per capita_region,qu;Green growth;2010;24798,2142132898;0,0
yd rq real per capita_region,qu;Green growth;2011;24707,6602505145;19,1548126835151
yd rq real per capita_region,qu;Green growth;2012;24704,1006588608;37,0335834198577
yd rq real per capita_region,qu;Green growth;2013;24883,767961149;43,9158574795511
yd rq real per capita_region,qu;Green growth;2014;25033,4914672071;49,2503018110292
yd rq real per capita_region,qu;Green growth;2015;25257,4946316994;57,9945316829053
yd rq real per capita_region,qu;Green growth;2016;25439,9017904055;66,6729788110806
yd rq real per capita_region,qu;Green growth;2017;25612,471722211;73,7712337279027
yd rq real per capita_region,qu;Green growth;2018;25666,1625321965;84,7691938085391
yd rq real per capita_region,qu;Green growth;2019;25638,7337637555;94,0298988811664
yd rq real per capita_region,qu;Green growth;2020;24459,6866264295;97,2491678660135
yd rq real per capita_region,qu;Green growth;2021;25528,3126791903;123,506191757226
yd rq real per capita_region,qu;Green growth;2022;26339,8487378869;133,617029972504
yd rq real per capita_region,qu;Green growth;2023;26607,1943098694;153,199795674434
yd rq real per capita_region,qu;Green growth;2024;26743,0307270346;153,921196196075
yd rq real per capita_region,qu;Green growth;2025;26858,9871176083;161,573663567828
yd rq real per capita_region,qu;Green growth;2026;27030,6098578519;161,327170283606
yd rq real per capita_region,qu;Green growth;2027;26926,6710120569;167,847294597354
yd rq real per capita_region,qu;Green growth;2028;27061,9557349403;164,855792317594
yd rq real per capita_region,qu;Green growth;2029;27244,482881139;174,444467973446
yd rq real per capita_region,qu;Green growth;2030;27419,7914201909;171,980177439627
yd rq real per capita_region,qu;Green growth;2031;27597,7894776886;182,947342515865
yd rq real per capita_region,qu;Green growth;2032;27792,0785766975;199,176221036414
yd rq real per capita_region,qu;Green growth;2033;27983,0334560793;218,199374029487
yd rq real per capita_region,qu;Green growth;2034;28174,901678001;227,798425342124
yd rq real per capita_region,qu;Green growth;2035;28424,0457330734;234,543666123849
yd rq real per capita_region,qu;Green growth;2036;28683,7265080689;249,197168555924
yd rq real per capita_region,qu;Green growth;2037;28897,5024725522;251,601803160154
yd rq real per capita_region,qu;Green growth;2038;29146,2731235835;264,181709357623
yd rq real per capita_region,qu;Green growth;2039;29400,7951608708;285,646978463241
yd rq real per capita_region,qu;Green growth;2040;29630,582975165;286,134658095458
yd rq real per capita_region,qu;Green growth;2041;29883,9259048372;279,986328267803
yd rq real per capita_region,qu;Green growth;2042;30134,8847672062;296,489453591501
yd rq real per capita_region,qu;Green growth;2043;30377,4302733962;310,163933352163
yd rq real per capita_region,qu;Green growth;2044;30588,1325938658;331,226984393881
yd rq real per capita_region,qu;Green growth;2045;30819,2924982514;332,318697613877
yd rq real per capita_region,qu;Green growth;2046;31049,6979931201;335,283494897319
yd rq real per capita_region,qu;Green growth;2047;31302,9775237123;347,037913455357
yd rq real per capita_region,qu;Green growth;2048;31540,6660959099;371,814022363944
yd rq real per capita_region,qu;Green growth;2049;31768,3519568195;385,515032556417
yd rq real per capita_region,qu;Green growth;2050;32022,4766636892;400,59106870454
yd rq real per capita_region,qu;Green growth;2010;9027,53596667874;0,0
yd rq real per capita_region,qu;Green growth;2011;8935,5054978776;14,7575468342857
yd rq real per capita_region,qu;Green growth;2012;8899,94245830528;17,7963728189552
yd rq real per capita_region,qu;Green growth;2013;8961,52824261233;21,2752152993526
yd rq real per capita_region,qu;Green growth;2014;9054,0099097177;23,9724841606176
yd rq real per capita_region,qu;Green growth;2015;9186,87087031189;25,3613753353993
yd rq real per capita_region,qu;Green growth;2016;9328,28245853975;25,5882790971064
yd rq real per capita_region,qu;Green growth;2017;9451,1386427807;30,3735548851846
yd rq real per capita_region,qu;Green growth;2018;9512,65642038035;29,636395268526
yd rq real per capita_region,qu;Green growth;2019;9555,89127938852;35,2402742654031
yd rq real per capita_region,qu;Green growth;2020;8916,00668911614;36,7073453824742
yd rq real per capita_region,qu;Green growth;2021;9627,66803918853;46,61231580807
yd rq real per capita_region,qu;Green growth;2022;10184,8051475461;52,6748041281053
yd rq real per capita_region,qu;Green growth;2023;10431,512716683;58,2279846556712
yd rq real per capita_region,qu;Green growth;2024;10523,8188411572;64,1753945085884
yd rq real per capita_region,qu;Green growth;2025;10616,892493178;62,137852925458
yd rq real per capita_region,qu;Green growth;2026;10691,0970100207;65,3080974906588
yd rq real per capita_region,qu;Green growth;2027;10591,7758442593;63,6054599926147
yd rq real per capita_region,qu;Green growth;2028;10624,0453155689;62,0227214445758
yd rq real per capita_region,qu;Green growth;2029;10717,9586671797;65,9195740746127
yd rq real per capita_region,qu;Green growth;2030;10829,6280856931;66,1343053001101
yd rq real per capita_region,qu;Green growth;2031;10921,7573231698;67,2668440626512
yd rq real per capita_region,qu;Green growth;2032;11023,6426408264;71,8136172335207
yd rq real per capita_region,qu;Green growth;2033;11125,6406456482;73,2264521822608
yd rq real per capita_region,qu;Green growth;2034;11233,3593659913;79,6988751016816
yd rq real per capita_region,qu;Green growth;2035;11404,2619016825;85,6848482827836
yd rq real per capita_region,qu;Green growth;2036;11525,8484972737;88,886112351468
yd rq real per capita_region,qu;Green growth;2037;11646,6375055127;91,3169142943452
yd rq real per capita_region,qu;Green growth;2038;11751,1602930682;93,2931094352998
yd rq real per capita_region,qu;Green growth;2039;11854,1198229172;96,0045274725035
yd rq real per capita_region,qu;Green growth;2040;11958,9731945339;94,1098050992405
yd rq real per capita_region,qu;Green growth;2041;12059,9376312802;99,6111619321873
yd rq real per capita_region,qu;Green growth;2042;12158,8568054629;96,7479249990465
yd rq real per capita_region,qu;Green growth;2043;12243,9420936709;101,9710846846
yd rq real per capita_region,qu;Green growth;2044;12322,6695105005;111,07351758001
yd rq real per capita_region,qu;Green growth;2045;12419,4403344183;113,636575190464
yd rq real per capita_region,qu;Green growth;2046;12524,2380096054;112,929228310206
yd rq real per capita_region,qu;Green growth;2047;12653,8211304918;117,372663447707
yd rq real per capita_region,qu;Green growth;2048;12774,192759261;116,336014323969
yd rq real per capita_region,qu;Green growth;2049;12887,3447997432;123,959207452918
yd rq real per capita_region,qu;Green growth;2050;12985,4800719192;131,95447838976
yd rq real per capita_region,qu;Green growth;2010;12905,0432928573;0,0
yd rq real per capita_region,qu;Green growth;2011;12868,2377578592;5,87198013595207
yd rq real per capita_region,qu;Green growth;2012;12869,4700343802;16,8474557480631
yd rq real per capita_region,qu;Green growth;2013;12970,1858794398;24,6673698820896
yd rq real per capita_region,qu;Green growth;2014;13071,0533417595;28,8803937611147
yd rq real per capita_region,qu;Green growth;2015;13212,1151654283;34,8024015585124
yd rq real per capita_region,qu;Green growth;2016;13338,6639605361;36,4217892244615
yd rq real per capita_region,qu;Green growth;2017;13448,76009705;41,3755211825619
yd rq real per capita_region,qu;Green growth;2018;13514,2003840353;44,3490758750641
yd rq real per capita_region,qu;Green growth;2019;13549,2634080962;49,6844258189476
yd rq real per capita_region,qu;Green growth;2020;12846,8646076013;47,0381315897321
yd rq real per capita_region,qu;Green growth;2021;13584,0764667704;62,6836198257542
yd rq real per capita_region,qu;Green growth;2022;14097,875007163;73,1552427292381
yd rq real per capita_region,qu;Green growth;2023;14276,7642895088;80,654360370062
yd rq real per capita_region,qu;Green growth;2024;14346,438190913;80,8714601569445
yd rq real per capita_region,qu;Green growth;2025;14415,0991590031;87,6581581120799
yd rq real per capita_region,qu;Green growth;2026;14506,0369595636;89,1269936489034
yd rq real per capita_region,qu;Green growth;2027;14473,6011749087;91,0103110699201
yd rq real per capita_region,qu;Green growth;2028;14544,7304187238;95,8977295056993
yd rq real per capita_region,qu;Green growth;2029;14636,190068327;93,4662825354535
yd rq real per capita_region,qu;Green growth;2030;14739,141513011;94,2537599619518
yd rq real per capita_region,qu;Green growth;2031;14822,8787323235;93,0012337443904
yd rq real per capita_region,qu;Green growth;2032;14919,4845872184;96,5885417476602
yd rq real per capita_region,qu;Green growth;2033;15003,2558941879;106,125697661319
yd rq real per capita_region,qu;Green growth;2034;15099,3962472756;112,196232024865
yd rq real per capita_region,qu;Green growth;2035;15224,1297394875;111,855659978893
yd rq real per capita_region,qu;Green growth;2036;15332,3769057793;121,547660601143
yd rq real per capita_region,qu;Green growth;2037;15421,0775846545;122,526656170816
yd rq real per capita_region,qu;Green growth;2038;15516,5415994496;127,444273868662
yd rq real per capita_region,qu;Green growth;2039;15624,3136629696;128,052468585802
yd rq real per capita_region,qu;Green growth;2040;15718,2176502562;129,06621597488
yd rq real per capita_region,qu;Green growth;2041;15828,6714720648;135,598041890599
yd rq real per capita_region,qu;Green growth;2042;15938,0142009703;135,953028719617
yd rq real per capita_region,qu;Green growth;2043;16019,6975396394;144,358776939657
yd rq real per capita_region,qu;Green growth;2044;16109,8109260931;144,974872737007
yd rq real per capita_region,qu;Green growth;2045;16211,9020641074;145,717167830309
yd rq real per capita_region,qu;Green growth;2046;16310,3022701246;150,185657174962
yd rq real per capita_region,qu;Green growth;2047;16412,6581627647;155,072503329529
yd rq real per capita_region,qu;Green growth;2048;16511,387892641;156,781598305769
yd rq real per capita_region,qu;Green growth;2049;16608,9203501456;158,869347149795
yd rq real per capita_region,qu;Green growth;2050;16693,3315319366;164,174006014877
yd rq real per capita_region,qu;Green growth;2010;17661,3493776757;0,0
yd rq real per capita_region,qu;Green growth;2011;17586,6913725918;5,64802273736677
yd rq real per capita_region,qu;Green growth;2012;17558,9930741621;23,1521678857825
yd rq real per capita_region,qu;Green growth;2013;17675,4174602741;32,8965567049618
yd rq real per capita_region,qu;Green growth;2014;17782,0179780198;39,4743020951773
yd rq real per capita_region,qu;Green growth;2015;17958,1249640162;47,1799769926111
yd rq real per capita_region,qu;Green growth;2016;18110,1778103952;49,9376300133154
yd rq real per capita_region,qu;Green growth;2017;18237,673885486;54,2951467113508
yd rq real per capita_region,qu;Green growth;2018;18299,4538121355;63,8616190082139
yd rq real per capita_region,qu;Green growth;2019;18317,8842533187;66,7460916291784
yd rq real per capita_region,qu;Green growth;2020;17414,951460392;62,916329280868
yd rq real per capita_region,qu;Green growth;2021;18318,5794254146;85,7910749844341
yd rq real per capita_region,qu;Green growth;2022;18989,0338254917;101,429857552035
yd rq real per capita_region,qu;Green growth;2023;19198,4733427445;108,456767484729
yd rq real per capita_region,qu;Green growth;2024;19266,627784359;110,744196735552
yd rq real per capita_region,qu;Green growth;2025;19348,8851743773;119,44365084966
yd rq real per capita_region,qu;Green growth;2026;19441,570421143;118,249894869552
yd rq real per capita_region,qu;Green growth;2027;19382,0879342404;125,092579479955
yd rq real per capita_region,qu;Green growth;2028;19463,8086312553;127,060120213871
yd rq real per capita_region,qu;Green growth;2029;19573,3141399426;130,830573921799
yd rq real per capita_region,qu;Green growth;2030;19685,4465035782;120,732497740815
yd rq real per capita_region,qu;Green growth;2031;19796,2740325763;123,422213761771
yd rq real per capita_region,qu;Green growth;2032;19908,9641375173;132,997234647539
yd rq real per capita_region,qu;Green growth;2033;20017,8529498587;149,547693875824
yd rq real per capita_region,qu;Green growth;2034;20123,3097741374;148,516941906844
yd rq real per capita_region,qu;Green growth;2035;20282,5929041367;152,481737551414
yd rq real per capita_region,qu;Green growth;2036;20401,5714512813;163,560272529216
yd rq real per capita_region,qu;Green growth;2037;20522,3061250519;167,36340259084
yd rq real per capita_region,qu;Green growth;2038;20637,0609426699;171,45994075704
yd rq real per capita_region,qu;Green growth;2039;20779,1414614977;182,115285403064
yd rq real per capita_region,qu;Green growth;2040;20903,1439782099;178,316846643407
yd rq real per capita_region,qu;Green growth;2041;21032,3401828511;186,39068027169
yd rq real per capita_region,qu;Green growth;2042;21168,8139541647;192,965340955465
yd rq real per capita_region,qu;Green growth;2043;21272,6364190895;198,807148666117
yd rq real per capita_region,qu;Green growth;2044;21386,382700429;207,212758081192
yd rq real per capita_region,qu;Green growth;2045;21511,4165097891;208,129521909825
yd rq real per capita_region,qu;Green growth;2046;21637,3123928731;204,260114846393
yd rq real per capita_region,qu;Green growth;2047;21761,8618270948;207,675148680597
yd rq real per capita_region,qu;Green growth;2048;21884,9577327184;215,583158684429
yd rq real per capita_region,qu;Green growth;2049;21992,805493314;223,57074629522
yd rq real per capita_region,qu;Green growth;2050;22106,1455039753;228,642417587511
yd rq real per capita_region,qu;Green growth;2010;23184,6573169596;0,0
yd rq real per capita_region,qu;Green growth;2011;23099,5381231071;13,4227588095564
yd rq real per capita_region,qu;Green growth;2012;23084,9203651992;33,7929473498843
yd rq real per capita_region,qu;Green growth;2013;23246,1440791189;41,919254094857
yd rq real per capita_region,qu;Green growth;2014;23384,0101106596;47,4722288595185
yd rq real per capita_region,qu;Green growth;2015;23603,0352403202;60,0229313900509
yd rq real per capita_region,qu;Green growth;2016;23780,0783464736;61,523858773955
yd rq real per capita_region,qu;Green growth;2017;23933,2228335872;71,8333807854815
yd rq real per capita_region,qu;Green growth;2018;23990,8549785044;80,7920769328193
yd rq real per capita_region,qu;Green growth;2019;23972,3342549079;85,6915745375391
yd rq real per capita_region,qu;Green growth;2020;22784,0777488041;89,1696157769602
yd rq real per capita_region,qu;Green growth;2021;23866,8410644185;115,434557878161
yd rq real per capita_region,qu;Green growth;2022;24686,8347702318;124,364618578053
yd rq real per capita_region,qu;Green growth;2023;24921,2416154292;143,497572364478
yd rq real per capita_region,qu;Green growth;2024;25018,4501385236;140,897787634984
yd rq real per capita_region,qu;Green growth;2025;25104,2546741467;147,068207922175
yd rq real per capita_region,qu;Green growth;2026;25231,9954837582;146,012584785836
yd rq real per capita_region,qu;Green growth;2027;25127,5341457838;154,055974452769
yd rq real per capita_region,qu;Green growth;2028;25231,5173372889;152,958863303255
yd rq real per capita_region,qu;Green growth;2029;25375,784276694;161,493207537484
yd rq real per capita_region,qu;Green growth;2030;25501,4132471144;160,64263411999
yd rq real per capita_region,qu;Green growth;2031;25640,4933999495;172,78417049563
yd rq real per capita_region,qu;Green growth;2032;25777,6823457404;189,426427938624
yd rq real per capita_region,qu;Green growth;2033;25916,9507402689;201,630151183217
yd rq real per capita_region,qu;Green growth;2034;26054,4101083544;207,643487223721
yd rq real per capita_region,qu;Green growth;2035;26253,3930317377;214,735542578928
yd rq real per capita_region,qu;Green growth;2036;26431,7292131957;235,753786365942
yd rq real per capita_region,qu;Green growth;2037;26597,2603382035;230,057629452182
yd rq real per capita_region,qu;Green growth;2038;26764,4311056003;237,427761206547
yd rq real per capita_region,qu;Green growth;2039;26959,0729326179;253,652896820988
yd rq real per capita_region,qu;Green growth;2040;27125,7309408477;249,996618527757
yd rq real per capita_region,qu;Green growth;2041;27311,3962043999;258,614579340225
yd rq real per capita_region,qu;Green growth;2042;27492,4672692146;261,718093313108
yd rq real per capita_region,qu;Green growth;2043;27648,9473396677;271,875241933987
yd rq real per capita_region,qu;Green growth;2044;27798,8371721465;293,153267549555
yd rq real per capita_region,qu;Green growth;2045;27960,8853089412;294,949658286099
yd rq real per capita_region,qu;Green growth;2046;28126,1405027075;301,026365027256
yd rq real per capita_region,qu;Green growth;2047;28308,015128217;316,232931067958
yd rq real per capita_region,qu;Green growth;2048;28477,2017685858;322,97912938732
yd rq real per capita_region,qu;Green growth;2049;28628,0065457781;338,18321259505
yd rq real per capita_region,qu;Green growth;2050;28797,8186783171;341,692241190074
yd rq real per capita_region,qu;Green growth;2010;42234,0438602613;0,0
yd rq real per capita_region,qu;Green growth;2011;42287,3816385815;36,9530644837796
yd rq real per capita_region,qu;Green growth;2012;42476,3720146211;67,7550514851137
yd rq real per capita_region,qu;Green growth;2013;42871,0186537336;72,9519387660512
yd rq real per capita_region,qu;Green growth;2014;43114,8821249322;84,0850362078199
yd rq real per capita_region,qu;Green growth;2015;43429,5418846761;105,975431276052
yd rq real per capita_region,qu;Green growth;2016;43624,1232651938;126,873714209436
yd rq real per capita_region,qu;Green growth;2017;43844,1771808099;143,916223334403
yd rq real per capita_region,qu;Green growth;2018;43787,4085826845;166,296265260084
yd rq real per capita_region,qu;Green growth;2019;43550,5202922395;203,002309821801
yd rq real per capita_region,qu;Green growth;2020;40942,9886192132;227,918585045794
yd rq real per capita_region,qu;Green growth;2021;42843,2654563781;238,232790717222
yd rq real per capita_region,qu;Green growth;2022;44535,0434131969;238,771418273514
yd rq real per capita_region,qu;Green growth;2023;44924,8514583708;262,470423027582
yd rq real per capita_region,qu;Green growth;2024;45153,2997692556;258,454252410065
yd rq real per capita_region,qu;Green growth;2025;45300,2315756188;261,242409575494
yd rq real per capita_region,qu;Green growth;2026;45569,8086883229;266,480861163298
yd rq real per capita_region,qu;Green growth;2027;45217,6790897323;286,903341901165
yd rq real per capita_region,qu;Green growth;2028;45406,8158887022;318,198872225134
yd rq real per capita_region,qu;Green growth;2029;45690,0700460841;327,612374110271
yd rq real per capita_region,qu;Green growth;2030;45963,4437087074;359,972009877143
yd rq real per capita_region,qu;Green growth;2031;46264,4035069256;369,074084677399
yd rq real per capita_region,qu;Green growth;2032;46584,9151019923;415,108572600344
yd rq real per capita_region,qu;Green growth;2033;46861,567001469;422,807256489119
yd rq real per capita_region,qu;Green growth;2034;47191,3244577046;433,223150917525
yd rq real per capita_region,qu;Green growth;2035;47638,2223396462;465,48808271646
yd rq real per capita_region,qu;Green growth;2036;48064,4210550652;494,887438270853
yd rq real per capita_region,qu;Green growth;2037;48502,1274875453;515,84946172444
yd rq real per capita_region,qu;Green growth;2038;48974,8939513684;532,103332042901
yd rq real per capita_region,qu;Green growth;2039;49451,7941637137;548,305896508507
yd rq real per capita_region,qu;Green growth;2040;49929,0025587909;565,748779072343
yd rq real per capita_region,qu;Green growth;2041;50455,922980893;587,511550159597
yd rq real per capita_region,qu;Green growth;2042;50909,164300667;605,420851512692
yd rq real per capita_region,qu;Green growth;2043;51414,6781781768;631,914590090841
yd rq real per capita_region,qu;Green growth;2044;51821,0413874111;644,745541528508
yd rq real per capita_region,qu;Green growth;2045;52248,3192651933;688,932866018276
yd rq real per capita_region,qu;Green growth;2046;52663,0058131171;729,138479024645
yd rq real per capita_region,qu;Green growth;2047;53120,1846119795;772,10005021056
yd rq real per capita_region,qu;Green growth;2048;53551,8932730944;804,680094668682
yd rq real per capita_region,qu;Green growth;2049;54017,9335704573;835,217701625286
yd rq real per capita_region,qu;Green growth;2050;54510,015173797;852,526242165262
yd rq real per capita_region,qu;Green growth;2010;8965,63344167775;0,0
yd rq real per capita_region,qu;Green growth;2011;8944,81995026851;7,84682945661552
yd rq real per capita_region,qu;Green growth;2012;8954,36784355149;13,0490909034033
yd rq real per capita_region,qu;Green growth;2013;9042,228604861;17,8196675158133
yd rq real per capita_region,qu;Green growth;2014;9142,83666270022;20,4123644314459
yd rq real per capita_region,qu;Green growth;2015;9271,31524094068;24,8140055746353
yd rq real per capita_region,qu;Green growth;2016;9395,58238413182;25,590928596288
yd rq real per capita_region,qu;Green growth;2017;9508,5060618293;28,0138374738299
yd rq real per capita_region,qu;Green growth;2018;9582,70342936863;29,4121171884708
yd rq real per capita_region,qu;Green growth;2019;9641,99699118321;34,5894245614718
yd rq real per capita_region,qu;Green growth;2020;8954,38221961637;35,2504438677333
yd rq real per capita_region,qu;Green growth;2021;9728,92339851512;44,1998428346214
yd rq real per capita_region,qu;Green growth;2022;10268,8685515258;51,9854124468575
yd rq real per capita_region,qu;Green growth;2023;10457,9457729432;57,3680480258781
yd rq real per capita_region,qu;Green growth;2024;10537,7454540915;59,2350907406917
yd rq real per capita_region,qu;Green growth;2025;10619,5239385303;60,3751730570293
yd rq real per capita_region,qu;Green growth;2026;10693,5747351811;66,1415974988768
yd rq real per capita_region,qu;Green growth;2027;10660,8965005938;65,4950498548269
yd rq real per capita_region,qu;Green growth;2028;10717,1319324828;67,4015513439463
yd rq real per capita_region,qu;Green growth;2029;10804,6094521365;66,2068210474854
yd rq real per capita_region,qu;Green growth;2030;10900,8996737618;62,5793287156148
yd rq real per capita_region,qu;Green growth;2031;10982,5964519985;61,8092434756381
yd rq real per capita_region,qu;Green growth;2032;11066,8550606463;66,7126540166191
yd rq real per capita_region,qu;Green growth;2033;11145,11032593;68,1618469817449
yd rq real per capita_region,qu;Green growth;2034;11234,0569847912;72,4670156339816
yd rq real per capita_region,qu;Green growth;2035;11358,4315388493;74,5376879142868
yd rq real per capita_region,qu;Green growth;2036;11450,9590046394;80,7933253244973
yd rq real per capita_region,qu;Green growth;2037;11541,0128417157;83,85876635351
yd rq real per capita_region,qu;Green growth;2038;11615,9372631407;85,9221267820139
yd rq real per capita_region,qu;Green growth;2039;11703,2803937717;85,498514973262
yd rq real per capita_region,qu;Green growth;2040;11786,7008286111;87,4865426804645
yd rq real per capita_region,qu;Green growth;2041;11873,458840486;86,878546375955
yd rq real per capita_region,qu;Green growth;2042;11957,552368152;90,1300847067714
yd rq real per capita_region,qu;Green growth;2043;12031,9082367791;93,3009947614801
yd rq real per capita_region,qu;Green growth;2044;12096,9951194184;97,2736606100898
yd rq real per capita_region,qu;Green growth;2045;12176,0793360026;99,557534935363
yd rq real per capita_region,qu;Green growth;2046;12256,4207867035;100,689898875966
yd rq real per capita_region,qu;Green growth;2047;12351,7508743045;101,934410729314
yd rq real per capita_region,qu;Green growth;2048;12440,7372400265;108,73570165954
yd rq real per capita_region,qu;Green growth;2049;12520,2386205968;105,623902772336
yd rq real per capita_region,qu;Green growth;2050;12597,6649657014;114,94680389061
yd rq real per capita_region,qu;Green growth;2010;14369,4033370127;0,0
yd rq real per capita_region,qu;Green growth;2011;14371,9388276449;6,07167867896169
yd rq real per capita_region,qu;Green growth;2012;14385,4732660625;19,886007707154
yd rq real per capita_region,qu;Green growth;2013;14508,6874179345;27,8947515149839
yd rq real per capita_region,qu;Green growth;2014;14627,2705311775;34,548264686664
yd rq real per capita_region,qu;Green growth;2015;14800,3816741716;41,8919309201647
yd rq real per capita_region,qu;Green growth;2016;14963,7707724325;44,9744127718968
yd rq real per capita_region,qu;Green growth;2017;15102,1738358051;46,7477335528911
yd rq real per capita_region,qu;Green growth;2018;15197,1200916072;53,1469995429916
yd rq real per capita_region,qu;Green growth;2019;15259,5452040019;56,9622228155513
yd rq real per capita_region,qu;Green growth;2020;14296,6589979089;56,4364079672268
yd rq real per capita_region,qu;Green growth;2021;15316,946842787;75,3534913174208
yd rq real per capita_region,qu;Green growth;2022;16051,6047942824;87,5989538113172
yd rq real per capita_region,qu;Green growth;2023;16249,1035186106;97,2313019623425
yd rq real per capita_region,qu;Green growth;2024;16326,6040783304;103,350746940975
yd rq real per capita_region,qu;Green growth;2025;16419,9923798811;111,2261235087
yd rq real per capita_region,qu;Green growth;2026;16510,8149603194;111,93331073606
yd rq real per capita_region,qu;Green growth;2027;16488,8742512607;109,154468237153
yd rq real per capita_region,qu;Green growth;2028;16580,5989819138;111,264802655171
yd rq real per capita_region,qu;Green growth;2029;16688,9530731543;105,58682239888
yd rq real per capita_region,qu;Green growth;2030;16794,0876547831;109,539912426344
yd rq real per capita_region,qu;Green growth;2031;16894,8754809092;110,482134826154
yd rq real per capita_region,qu;Green growth;2032;17003,3998018565;113,726644782104
yd rq real per capita_region,qu;Green growth;2033;17091,0079364206;123,756776833385
yd rq real per capita_region,qu;Green growth;2034;17186,3378010098;123,049195601523
yd rq real per capita_region,qu;Green growth;2035;17318,4026030033;124,574173990091
yd rq real per capita_region,qu;Green growth;2036;17422,8563452216;133,382710033455
yd rq real per capita_region,qu;Green growth;2037;17517,708524635;136,460355070387
yd rq real per capita_region,qu;Green growth;2038;17605,4162247508;143,531087194264
yd rq real per capita_region,qu;Green growth;2039;17713,2855345209;145,609482240019
yd rq real per capita_region,qu;Green growth;2040;17810,0727636521;150,082117356013
yd rq real per capita_region,qu;Green growth;2041;17925,6498913526;148,925586583022
yd rq real per capita_region,qu;Green growth;2042;18032,4952225458;153,484125027695
yd rq real per capita_region,qu;Green growth;2043;18111,9362829896;155,905458662179
yd rq real per capita_region,qu;Green growth;2044;18201,7266961087;155,741278181569
yd rq real per capita_region,qu;Green growth;2045;18301,0476827352;161,61496753854
yd rq real per capita_region,qu;Green growth;2046;18399,3525990932;163,699992259559
yd rq real per capita_region,qu;Green growth;2047;18501,9417227436;159,047581955972
yd rq real per capita_region,qu;Green growth;2048;18595,3732889548;165,507107393299
yd rq real per capita_region,qu;Green growth;2049;18681,9733319839;172,972311675943
yd rq real per capita_region,qu;Green growth;2050;18756,3417767668;174,837947056465
yd rq real per capita_region,qu;Green growth;2010;19612,4024216811;0,0
yd rq real per capita_region,qu;Green growth;2011;19584,2524451039;8,07801345625921
yd rq real per capita_region,qu;Green growth;2012;19562,2035503201;26,5438991262581
yd rq real per capita_region,qu;Green growth;2013;19687,8393780847;36,6203317186355
yd rq real per capita_region,qu;Green growth;2014;19797,156507983;43,0686639967716
yd rq real per capita_region,qu;Green growth;2015;19983,0376708192;50,1400901181441
yd rq real per capita_region,qu;Green growth;2016;20151,9530528729;53,2907880131861
yd rq real per capita_region,qu;Green growth;2017;20290,2712746211;53,7035518697758
yd rq real per capita_region,qu;Green growth;2018;20361,8201421724;61,4479912818897
yd rq real per capita_region,qu;Green growth;2019;20398,9180806593;69,5470896489733
yd rq real per capita_region,qu;Green growth;2020;19333,9918913778;73,5463896069195
yd rq real per capita_region,qu;Green growth;2021;20347,1967768218;94,5269871286837
yd rq real per capita_region,qu;Green growth;2022;21153,1111022628;109,526498902354
yd rq real per capita_region,qu;Green growth;2023;21349,7524315444;125,899223849588
yd rq real per capita_region,qu;Green growth;2024;21407,4698442029;126,403562632049
yd rq real per capita_region,qu;Green growth;2025;21482,6223339995;128,897478476769
yd rq real per capita_region,qu;Green growth;2026;21569,3855905128;135,200973011315
yd rq real per capita_region,qu;Green growth;2027;21479,6922075113;137,040174650072
yd rq real per capita_region,qu;Green growth;2028;21573,3444376555;137,296669144054
yd rq real per capita_region,qu;Green growth;2029;21676,949155244;141,814980492227
yd rq real per capita_region,qu;Green growth;2030;21777,7385186062;139,032368666893
yd rq real per capita_region,qu;Green growth;2031;21873,4616309806;143,428733244284
yd rq real per capita_region,qu;Green growth;2032;21986,2316236719;155,053292272845
yd rq real per capita_region,qu;Green growth;2033;22090,3594520173;160,832220144568
yd rq real per capita_region,qu;Green growth;2034;22168,4571692594;157,064685646259
yd rq real per capita_region,qu;Green growth;2035;22324,9037521731;152,495183996052
yd rq real per capita_region,qu;Green growth;2036;22426,6261719015;166,910378975717
yd rq real per capita_region,qu;Green growth;2037;22524,5598808415;174,674738668953
yd rq real per capita_region,qu;Green growth;2038;22604,2266005329;182,809111083476
yd rq real per capita_region,qu;Green growth;2039;22718,6019228225;179,17674300872
yd rq real per capita_region,qu;Green growth;2040;22829,0440620572;187,207085110082
yd rq real per capita_region,qu;Green growth;2041;22945,0960537355;185,115036778106
yd rq real per capita_region,qu;Green growth;2042;23061,6360807057;189,573101992753
yd rq real per capita_region,qu;Green growth;2043;23140,8227196198;191,046190469428
yd rq real per capita_region,qu;Green growth;2044;23240,0675854641;207,18067122601
yd rq real per capita_region,qu;Green growth;2045;23328,6039069411;206,431591471346
yd rq real per capita_region,qu;Green growth;2046;23442,1470077778;204,760592055873
yd rq real per capita_region,qu;Green growth;2047;23556,1864452582;207,838609151251
yd rq real per capita_region,qu;Green growth;2048;23652,1660126673;210,508501462828
yd rq real per capita_region,qu;Green growth;2049;23735,062279582;227,759650489266
yd rq real per capita_region,qu;Green growth;2050;23814,4325003773;229,746141405598
yd rq real per capita_region,qu;Green growth;2010;26197,5657391882;0,0
yd rq real per capita_region,qu;Green growth;2011;26159,8788195398;10,1412437300387
yd rq real per capita_region,qu;Green growth;2012;26109,4589137098;36,2258093500386
yd rq real per capita_region,qu;Green growth;2013;26269,3384901092;50,8101398458493
yd rq real per capita_region,qu;Green growth;2014;26393,0146435198;58,9904419562954
yd rq real per capita_region,qu;Green growth;2015;26625,2502035685;66,2834598574445
yd rq real per capita_region,qu;Green growth;2016;26830,1288368733;72,092030859485
yd rq real per capita_region,qu;Green growth;2017;27002,6139930676;78,1391327961846
yd rq real per capita_region,qu;Green growth;2018;27059,3204142747;87,5762907006447
yd rq real per capita_region,qu;Green growth;2019;27076,8490490578;97,1354925982487
yd rq real per capita_region,qu;Green growth;2020;25709,706268237;104,681319664021
yd rq real per capita_region,qu;Green growth;2021;26917,9667626487;129,015883086591
yd rq real per capita_region,qu;Green growth;2022;27948,4343863913;151,231440837222
yd rq real per capita_region,qu;Green growth;2023;28183,7006158657;171,836907913661
yd rq real per capita_region,qu;Green growth;2024;28250,8843673957;170,800287091386
yd rq real per capita_region,qu;Green growth;2025;28348,7612455582;172,113516432431
yd rq real per capita_region,qu;Green growth;2026;28457,647961471;183,017739505374
yd rq real per capita_region,qu;Green growth;2027;28320,5797557649;195,696759484546
yd rq real per capita_region,qu;Green growth;2028;28445,5155457914;189,024367793987
yd rq real per capita_region,qu;Green growth;2029;28586,3190924065;201,057884219286
yd rq real per capita_region,qu;Green growth;2030;28720,6954503637;198,428392951791
yd rq real per capita_region,qu;Green growth;2031;28850,8979389214;204,528656189013
yd rq real per capita_region,qu;Green growth;2032;29009,1284613829;215,698365402137
yd rq real per capita_region,qu;Green growth;2033;29143,1343606194;226,15966257141
yd rq real per capita_region,qu;Green growth;2034;29280,0992408881;221,45430881356
yd rq real per capita_region,qu;Green growth;2035;29495,8687226774;226,739728741821
yd rq real per capita_region,qu;Green growth;2036;29639,3022062213;244,534568599829
yd rq real per capita_region,qu;Green growth;2037;29775,4518452117;245,250004710922
yd rq real per capita_region,qu;Green growth;2038;29892,2203289831;257,169083751016
yd rq real per capita_region,qu;Green growth;2039;30064,3980838041;264,556786068846
yd rq real per capita_region,qu;Green growth;2040;30223,9475651368;272,687052434254
yd rq real per capita_region,qu;Green growth;2041;30402,8567677126;260,627937117488
yd rq real per capita_region,qu;Green growth;2042;30572,2465154032;273,551291611646
yd rq real per capita_region,qu;Green growth;2043;30702,8905268771;282,948516082257
yd rq real per capita_region,qu;Green growth;2044;30850,5196542388;298,140094847671
yd rq real per capita_region,qu;Green growth;2045;30986,9541705034;295,017856201615
yd rq real per capita_region,qu;Green growth;2046;31157,2976023073;294,492209316992
yd rq real per capita_region,qu;Green growth;2047;31322,4283671795;298,587059184794
yd rq real per capita_region,qu;Green growth;2048;31457,7264092628;305,89596208952
yd rq real per capita_region,qu;Green growth;2049;31590,6245345513;332,321229680441
yd rq real per capita_region,qu;Green growth;2050;31711,7457907893;337,435909397651
yd rq real per capita_region,qu;Green growth;2010;32537,8871274692;0,0
yd rq real per capita_region,qu;Green growth;2011;32548,39705666;21,098137059922
yd rq real per capita_region,qu;Green growth;2012;32630,3816200756;43,2460528430274
yd rq real per capita_region,qu;Green growth;2013;32894,4931467976;52,9731771049228
yd rq real per capita_region,qu;Green growth;2014;33075,0569121146;61,600839835166
yd rq real per capita_region,qu;Green growth;2015;33338,0485849916;72,1626145892042
yd rq real per capita_region,qu;Green growth;2016;33527,265687102;85,4157374526076
yd rq real per capita_region,qu;Green growth;2017;33717,7285184106;92,6652927892465
yd rq real per capita_region,qu;Green growth;2018;33738,5807588514;104,982428806375
yd rq real per capita_region,qu;Green growth;2019;33652,9175457132;119,996814198632
yd rq real per capita_region,qu;Green growth;2020;31861,4370357533;133,516552486209
yd rq real per capita_region,qu;Green growth;2021;33292,7785380491;151,305720506298
yd rq real per capita_region,qu;Green growth;2022;34492,0057947623;177,136428373244
yd rq real per capita_region,qu;Green growth;2023;34753,5239254732;202,425625584237
yd rq real per capita_region,qu;Green growth;2024;34896,6501500196;186,166045531245
yd rq real per capita_region,qu;Green growth;2025;35019,0951574115;197,214912227217
yd rq real per capita_region,qu;Green growth;2026;35188,8411632835;207,272063702232
yd rq real per capita_region,qu;Green growth;2027;34995,4954609557;206,871500391338
yd rq real per capita_region,qu;Green growth;2028;35150,2152697418;207,123776003722
yd rq real per capita_region,qu;Green growth;2029;35329,5297324394;228,430351766423
yd rq real per capita_region,qu;Green growth;2030;35511,4095407362;231,503561310776
yd rq real per capita_region,qu;Green growth;2031;35708,2598722575;238,343587079256
yd rq real per capita_region,qu;Green growth;2032;35910,4182657414;261,620528903204
yd rq real per capita_region,qu;Green growth;2033;36094,5443885954;264,661838544493
yd rq real per capita_region,qu;Green growth;2034;36325,3941477528;277,897181569031
yd rq real per capita_region,qu;Green growth;2035;36612,7213887803;296,764352741793
yd rq real per capita_region,qu;Green growth;2036;36858,2205622113;322,439482866841
yd rq real per capita_region,qu;Green growth;2037;37103,9905946602;340,702486005826
yd rq real per capita_region,qu;Green growth;2038;37387,2334310672;347,298464171865
yd rq real per capita_region,qu;Green growth;2039;37690,1840373686;353,091730320753
yd rq real per capita_region,qu;Green growth;2040;37972,0925074701;354,396290987803
yd rq real per capita_region,qu;Green growth;2041;38274,1852516216;363,270220716564
yd rq real per capita_region,qu;Green growth;2042;38549,3025873309;375,273862096154
yd rq real per capita_region,qu;Green growth;2043;38837,3932718799;401,49280556451
yd rq real per capita_region,qu;Green growth;2044;39084,3779157417;413,531463059273
yd rq real per capita_region,qu;Green growth;2045;39359,5177607322;432,489732594062
yd rq real per capita_region,qu;Green growth;2046;39615,5827320411;460,647611773045
yd rq real per capita_region,qu;Green growth;2047;39876,4002504003;469,558736483497
yd rq real per capita_region,qu;Green growth;2048;40171,6787246997;486,846873027353
yd rq real per capita_region,qu;Green growth;2049;40442,8119587444;507,018640905797
yd rq real per capita_region,qu;Green growth;2050;40720,5774633872;512,906263698987
yd rq real per capita_region,qu;Green growth;2010;9438,42098518157;0,0
yd rq real per capita_region,qu;Green growth;2011;9413,64324767646;11,7036843678361
yd rq real per capita_region,qu;Green growth;2012;9417,54234456581;15,9489869517174
yd rq real per capita_region,qu;Green growth;2013;9511,41784091799;22,1062706569628
yd rq real per capita_region,qu;Green growth;2014;9625,91700953635;23,793464827454
yd rq real per capita_region,qu;Green growth;2015;9779,24445707109;27,616345813487
yd rq real per capita_region,qu;Green growth;2016;9932,4562639438;27,1957855092805
yd rq real per capita_region,qu;Green growth;2017;10068,2880503759;31,0280026334713
yd rq real per capita_region,qu;Green growth;2018;10151,9832334966;34,1557287147061
yd rq real per capita_region,qu;Green growth;2019;10217,7589155838;37,3484995259032
yd rq real per capita_region,qu;Green growth;2020;9512,23609207033;38,9828817520656
yd rq real per capita_region,qu;Green growth;2021;10313,3113093137;50,3471404630181
yd rq real per capita_region,qu;Green growth;2022;10930,577365727;58,8742212592961
yd rq real per capita_region,qu;Green growth;2023;11166,7396932405;63,5139838028826
yd rq real per capita_region,qu;Green growth;2024;11263,558695105;67,1125470284996
yd rq real per capita_region,qu;Green growth;2025;11365,3656145689;69,582135697372
yd rq real per capita_region,qu;Green growth;2026;11453,6953183887;73,6002586953127
yd rq real per capita_region,qu;Green growth;2027;11388,9174563266;73,8650007575206
yd rq real per capita_region,qu;Green growth;2028;11447,8365769005;72,3687791800821
yd rq real per capita_region,qu;Green growth;2029;11550,6175940873;74,1611755630365
yd rq real per capita_region,qu;Green growth;2030;11665,5279940286;73,9794150094422
yd rq real per capita_region,qu;Green growth;2031;11767,641117312;76,2031950638093
yd rq real per capita_region,qu;Green growth;2032;11867,8841599162;76,2255618199843
yd rq real per capita_region,qu;Green growth;2033;11974,5208517485;81,6618981105657
yd rq real per capita_region,qu;Green growth;2034;12079,7681709651;83,4869840905776
yd rq real per capita_region,qu;Green growth;2035;12233,1337050057;89,8663380912812
yd rq real per capita_region,qu;Green growth;2036;12350,2182876874;90,7551735244906
yd rq real per capita_region,qu;Green growth;2037;12456,6844820642;95,7353603256988
yd rq real per capita_region,qu;Green growth;2038;12553,5935681837;100,025120616785
yd rq real per capita_region,qu;Green growth;2039;12656,9096098386;100,19417297155
yd rq real per capita_region,qu;Green growth;2040;12756,1142602154;98,5244238417263
yd rq real per capita_region,qu;Green growth;2041;12859,6869980734;102,782500438147
yd rq real per capita_region,qu;Green growth;2042;12966,2371153626;105,327090827995
yd rq real per capita_region,qu;Green growth;2043;13043,988531257;104,148553610921
yd rq real per capita_region,qu;Green growth;2044;13125,3918771169;113,33082507517
yd rq real per capita_region,qu;Green growth;2045;13221,2430053384;118,358506326423
yd rq real per capita_region,qu;Green growth;2046;13326,5247664921;118,630508123279
yd rq real per capita_region,qu;Green growth;2047;13440,5855592285;120,218498438589
yd rq real per capita_region,qu;Green growth;2048;13556,0460230046;120,197093321315
yd rq real per capita_region,qu;Green growth;2049;13651,3192117669;121,737589396707
yd rq real per capita_region,qu;Green growth;2050;13746,1561562927;135,612100442666
yd rq real per capita_region,qu;Green growth;2010;12363,5300817108;0,0
yd rq real per capita_region,qu;Green growth;2011;12382,6423292709;6,8373820015413
yd rq real per capita_region,qu;Green growth;2012;12420,8572755194;17,0725146165632
yd rq real per capita_region,qu;Green growth;2013;12538,2396926102;24,3070129668922
yd rq real per capita_region,qu;Green growth;2014;12652,11373861;30,854697341254
yd rq real per capita_region,qu;Green growth;2015;12808,2716625797;35,922669554946
yd rq real per capita_region,qu;Green growth;2016;12952,3652462425;38,9219506307354
yd rq real per capita_region,qu;Green growth;2017;13081,8647881697;41,4188570756023
yd rq real per capita_region,qu;Green growth;2018;13170,4021373777;46,8941419675775
yd rq real per capita_region,qu;Green growth;2019;13231,7672032443;50,6649885308616
yd rq real per capita_region,qu;Green growth;2020;12478,263667092;47,2796417755389
yd rq real per capita_region,qu;Green growth;2021;13321,6206040658;62,8624319090186
yd rq real per capita_region,qu;Green growth;2022;13915,3347764703;74,1408062865103
yd rq real per capita_region,qu;Green growth;2023;14108,7614209991;82,8337446775613
yd rq real per capita_region,qu;Green growth;2024;14195,1912828078;84,1274435211972
yd rq real per capita_region,qu;Green growth;2025;14282,7054351086;90,0490766715948
yd rq real per capita_region,qu;Green growth;2026;14384,3345879948;94,691778202684
yd rq real per capita_region,qu;Green growth;2027;14375,4077109158;97,0883344095819
yd rq real per capita_region,qu;Green growth;2028;14455,7353130173;98,0639697295956
yd rq real per capita_region,qu;Green growth;2029;14560,1417576173;93,5899639430145
yd rq real per capita_region,qu;Green growth;2030;14666,0925529826;94,4644805824782
yd rq real per capita_region,qu;Green growth;2031;14761,7746582691;93,5887467932898
yd rq real per capita_region,qu;Green growth;2032;14861,7739025467;103,292300001673
yd rq real per capita_region,qu;Green growth;2033;14952,3702930147;111,745139383192
yd rq real per capita_region,qu;Green growth;2034;15049,7727966059;112,258314025677
yd rq real per capita_region,qu;Green growth;2035;15178,9858465505;110,874695951285
yd rq real per capita_region,qu;Green growth;2036;15282,1011530824;119,199692929057
yd rq real per capita_region,qu;Green growth;2037;15375,8803331536;123,628664071777
yd rq real per capita_region,qu;Green growth;2038;15468,4173290096;129,723324168767
yd rq real per capita_region,qu;Green growth;2039;15575,7584597836;129,689088700453
yd rq real per capita_region,qu;Green growth;2040;15669,1720646084;132,850957075429
yd rq real per capita_region,qu;Green growth;2041;15782,6158393973;139,423137781247
yd rq real per capita_region,qu;Green growth;2042;15889,2265427129;137,680245627378
yd rq real per capita_region,qu;Green growth;2043;15977,1418040004;138,437622886365
yd rq real per capita_region,qu;Green growth;2044;16071,7511228195;141,602956948715
yd rq real per capita_region,qu;Green growth;2045;16168,001391053;144,365393853364
yd rq real per capita_region,qu;Green growth;2046;16265,0064229911;147,093784451101
yd rq real per capita_region,qu;Green growth;2047;16362,3279566217;147,807821410131
yd rq real per capita_region,qu;Green growth;2048;16471,3220773833;152,904396118197
yd rq real per capita_region,qu;Green growth;2049;16555,1710399091;157,435522799256
yd rq real per capita_region,qu;Green growth;2050;16635,0481396093;163,605540182674
yd rq real per capita_region,qu;Green growth;2010;16369,4990289715;0,0
yd rq real per capita_region,qu;Green growth;2011;16364,404129746;6,92999251932179
yd rq real per capita_region,qu;Green growth;2012;16376,9450834278;23,6649824815222
yd rq real per capita_region,qu;Green growth;2013;16497,8506890839;32,497441349522
yd rq real per capita_region,qu;Green growth;2014;16603,6199972929;38,9892361218554
yd rq real per capita_region,qu;Green growth;2015;16772,8195273752;45,3783112797664
yd rq real per capita_region,qu;Green growth;2016;16923,3709258185;49,0260427276553
yd rq real per capita_region,qu;Green growth;2017;17050,2226151225;55,3997073364026
yd rq real per capita_region,qu;Green growth;2018;17123,5007854094;59,734052768179
yd rq real per capita_region,qu;Green growth;2019;17173,8635697002;64,7731683990041
yd rq real per capita_region,qu;Green growth;2020;16367,1839824814;66,4940239859052
yd rq real per capita_region,qu;Green growth;2021;17198,6402966918;85,2178125654973
yd rq real per capita_region,qu;Green growth;2022;17829,276386335;100,553463097534
yd rq real per capita_region,qu;Green growth;2023;18014,6470512156;112,345657436879
yd rq real per capita_region,qu;Green growth;2024;18081,2979268056;110,564014415817
yd rq real per capita_region,qu;Green growth;2025;18160,82382516;116,051131768934
yd rq real per capita_region,qu;Green growth;2026;18252,8788448597;120,924163951049
yd rq real per capita_region,qu;Green growth;2027;18225,1966747354;121,857234608982
yd rq real per capita_region,qu;Green growth;2028;18315,426376926;127,942184573292
yd rq real per capita_region,qu;Green growth;2029;18414,5190219158;118,054524244539
yd rq real per capita_region,qu;Green growth;2030;18523,0481014926;125,054924367307
yd rq real per capita_region,qu;Green growth;2031;18617,8420309917;126,485892725765
yd rq real per capita_region,qu;Green growth;2032;18724,726012794;132,914583289519
yd rq real per capita_region,qu;Green growth;2033;18820,1054176546;145,626260881896
yd rq real per capita_region,qu;Green growth;2034;18914,5042891006;145,171567187261
yd rq real per capita_region,qu;Green growth;2035;19051,7642631426;144,7589984965
yd rq real per capita_region,qu;Green growth;2036;19151,5856879067;152,311833424594
yd rq real per capita_region,qu;Green growth;2037;19248,8095490171;155,664276515074
yd rq real per capita_region,qu;Green growth;2038;19344,6953688864;167,175266407206
yd rq real per capita_region,qu;Green growth;2039;19466,8133756909;169,333318392417
yd rq real per capita_region,qu;Green growth;2040;19570,6187681778;172,264107912806
yd rq real per capita_region,qu;Green growth;2041;19692,9986233932;175,541419125044
yd rq real per capita_region,qu;Green growth;2042;19809,4779314952;179,906292834856
yd rq real per capita_region,qu;Green growth;2043;19898,6592756979;178,886816298869
yd rq real per capita_region,qu;Green growth;2044;19996,1171531202;185,996904630008
yd rq real per capita_region,qu;Green growth;2045;20093,0921752134;185,954073996561
yd rq real per capita_region,qu;Green growth;2046;20205,4847418739;190,496963932584
yd rq real per capita_region,qu;Green growth;2047;20316,7834089167;194,342673728635
yd rq real per capita_region,qu;Green growth;2048;20416,4457991908;189,731114066373
yd rq real per capita_region,qu;Green growth;2049;20497,3464796165;201,20087385656
yd rq real per capita_region,qu;Green growth;2050;20592,3842685106;202,292917006573
yd rq real per capita_region,qu;Green growth;2010;19425,1853920676;0,0
yd rq real per capita_region,qu;Green growth;2011;19406,9481853038;6,2901099886185
yd rq real per capita_region,qu;Green growth;2012;19419,4590078613;26,6301905509226
yd rq real per capita_region,qu;Green growth;2013;19553,3042342719;35,6455539993458
yd rq real per capita_region,qu;Green growth;2014;19663,374328162;45,0968445490562
yd rq real per capita_region,qu;Green growth;2015;19846,3931907821;51,169253064958
yd rq real per capita_region,qu;Green growth;2016;19995,5997391918;56,133841031351
yd rq real per capita_region,qu;Green growth;2017;20128,1853295456;62,7147444318452
yd rq real per capita_region,qu;Green growth;2018;20193,1850854162;69,1288945460328
yd rq real per capita_region,qu;Green growth;2019;20219,203856069;77,6371837236547
yd rq real per capita_region,qu;Green growth;2020;19261,3977669842;78,245628558423
yd rq real per capita_region,qu;Green growth;2021;20198,555002819;100,520940939892
yd rq real per capita_region,qu;Green growth;2022;20904,3565588919;117,501076258768
yd rq real per capita_region,qu;Green growth;2023;21098,4583758109;123,276869861309
yd rq real per capita_region,qu;Green growth;2024;21169,8858977354;123,848638631331
yd rq real per capita_region,qu;Green growth;2025;21243,2926661256;130,81260125062
yd rq real per capita_region,qu;Green growth;2026;21348,7345970633;136,303286689346
yd rq real per capita_region,qu;Green growth;2027;21295,5583518122;142,384535409181
yd rq real per capita_region,qu;Green growth;2028;21394,5915959877;137,527368434372
yd rq real per capita_region,qu;Green growth;2029;21513,4723818045;142,339834096676
yd rq real per capita_region,qu;Green growth;2030;21620,6613025179;136,481558575531
yd rq real per capita_region,qu;Green growth;2031;21724,2388385596;140,27079188461
yd rq real per capita_region,qu;Green growth;2032;21843,8207426618;161,563228609155
yd rq real per capita_region,qu;Green growth;2033;21954,3512188157;169,341810073209
yd rq real per capita_region,qu;Green growth;2034;22052,4573620118;171,047000270504
yd rq real per capita_region,qu;Green growth;2035;22200,2319890622;173,0311753188
yd rq real per capita_region,qu;Green growth;2036;22318,31581782;184,498916600831
yd rq real per capita_region,qu;Green growth;2037;22434,7285889617;189,331054270227
yd rq real per capita_region,qu;Green growth;2038;22546,2091903909;195,406764721276
yd rq real per capita_region,qu;Green growth;2039;22686,3924436149;201,725323824668
yd rq real per capita_region,qu;Green growth;2040;22806,6671181087;208,440936725037
yd rq real per capita_region,qu;Green growth;2041;22941,0578664377;208,869452946574
yd rq real per capita_region,qu;Green growth;2042;23080,8989078386;215,109130918754
yd rq real per capita_region,qu;Green growth;2043;23188,2627805587;220,377030028721
yd rq real per capita_region,qu;Green growth;2044;23295,183706766;223,164886839591
yd rq real per capita_region,qu;Green growth;2045;23415,83515205;229,862781479933
yd rq real per capita_region,qu;Green growth;2046;23544,2958361677;221,118447696859
yd rq real per capita_region,qu;Green growth;2047;23662,0368904551;233,511627100539
yd rq real per capita_region,qu;Green growth;2048;23775,8043918702;234,81811794265
yd rq real per capita_region,qu;Green growth;2049;23876,4570837297;243,309429876701
yd rq real per capita_region,qu;Green growth;2050;23986,5943695614;251,619810291844
yd rq real per capita_region,qu;Green growth;2010;31823,5443708357;0,0
yd rq real per capita_region,qu;Green growth;2011;31957,5484073536;15,9153799955548
yd rq real per capita_region,qu;Green growth;2012;32159,4601201625;45,388361425441
yd rq real per capita_region,qu;Green growth;2013;32481,699447646;50,3997172022064
yd rq real per capita_region,qu;Green growth;2014;32691,4935285035;62,9071481361025
yd rq real per capita_region,qu;Green growth;2015;32966,8452225872;69,4898687948844
yd rq real per capita_region,qu;Green growth;2016;33143,0455701157;80,6890942806276
yd rq real per capita_region,qu;Green growth;2017;33341,2826022997;90,2315130266543
yd rq real per capita_region,qu;Green growth;2018;33365,0526177576;102,225927605021
yd rq real per capita_region,qu;Green growth;2019;33262,3075446865;113,683756304828
yd rq real per capita_region,qu;Green growth;2020;31526,0061144418;143,26829293023
yd rq real per capita_region,qu;Green growth;2021;32942,2148362567;152,128804115579
yd rq real per capita_region,qu;Green growth;2022;34165,5641724377;179,300814214166